smiles	inchikey
CCOc1ccc(-c2nnn(CC(=O)NCc3ccc(OC)cc3)n2)cc1OCC	PXVIWLXGFXOJOF-UHFFFAOYSA-N
CC(C)n1c(SCC(=O)N2CCCC2)nc2c1c(=O)n(C)c(=O)n2C	GJDJRUHRJDDFJA-UHFFFAOYSA-N
CCOC(=O)Cn1c2ccccc2c2nc3ccccc3nc21	AHABQJDNQDDOMO-UHFFFAOYSA-N
O=c1[nH]c2cc3c(cc2cc1C(c1nnnn1C1CCCC1)N1CCSCC1)OCCO3	NHFBYJHPVMSGDX-UHFFFAOYSA-N
O=C(Nc1cc(Cl)ccc1N1CCOCC1)c1cnccn1	PKIXCYYYKYEXOY-UHFFFAOYSA-N
CCc1n[nH]c2c1C(N=O)CC(c1ccccc1)C2	OEGWIPMBRZYTGY-UHFFFAOYSA-N
CCCn1c(=O)c(C(=O)NCc2ccncc2)c(O)c2ccccc21	MNQQZTMIQNSOBI-UHFFFAOYSA-N
Cc1nc(N2CCC(C(N)=O)CC2)c2nnn(Cc3ccccc3)c2n1	FIUGRMDDEXXIAW-UHFFFAOYSA-N
CCCC(=O)Nc1ccc(NC(=O)C2CC2)cn1	KUPIVLVWGJMWLV-UHFFFAOYSA-N
O=C(CSc1nnc2scc(-c3ccc(F)cc3)n12)NCc1ccco1	YLHPNUNGAPWAMU-UHFFFAOYSA-N
O=C1C(Cl)=C(NCC2CCCO2)C(=O)N1Cc1ccccc1	UPINMDZITVUWGF-UHFFFAOYSA-N
COC(=O)c1cccc(N2C(=O)C(Cl)=C(N3CCOCC3)C2=O)c1	CWUMLSCAZHQBLU-UHFFFAOYSA-N
CCNc1nc(NC(C)(C)C)nc(N(CC)n2cnnc2)n1	IVICYBOWSBXURO-UHFFFAOYSA-N
COc1ccc(Cl)cc1C(=O)CSc1nnnn1C1CCCC1	VDRMROFQRBJXPM-UHFFFAOYSA-N
O=C(Nc1ncnc2sc3c(c12)CCCCC3)c1ccco1	YJPPZSPGXZPSLO-UHFFFAOYSA-N
COC(=O)c1cccc(S(=O)(=O)N2CCC(NC(=O)NC34CC5CC(CC(C5)C3)C4)CC2)c1	FHQOLGFWFMLSSG-UHFFFAOYSA-N
CCCc1nc(NCc2ccncc2)c2nnn(Cc3ccccc3F)c2n1	IKYOARDCZOPQGN-UHFFFAOYSA-N
CC1CCCCN1C(=O)CSc1nc(C2CC2)nc2c1cnn2-c1ccccc1	BMMGAFAKLXXYCH-UHFFFAOYSA-N
COc1ccc(CN2CCN(S(=O)(=O)c3ccccc3)CC2)c(OC)c1	CAXSNKMSODPZEI-UHFFFAOYSA-N
Cc1cc(NC(=O)c2ccccc2Oc2ccccc2)no1	KQQCGWCCZRHNLO-UHFFFAOYSA-N
CC(C)C1c2c(-c3cccs3)n[nH]c2OC(=N)C1C#N	ATOVWWWCVPTFHH-UHFFFAOYSA-N
Cc1sc2nc(CN3CCN(S(=O)(=O)c4cccc5nonc45)CC3)[nH]c(=O)c2c1C	ZOMFWZIRMNGFKH-UHFFFAOYSA-N
COc1ccc2ncn(-c3ccccc3)c2c1	DBDPQMUWFPDEFP-UHFFFAOYSA-N
Cn1c(/C(C#N)=C/C2CC=CCC2)nc2ccccc21	OJYZGNBYYSIUDR-SDNWHVSQSA-N
CC/N=C1\SC(C(N)=O)CC(=O)N1CC	MYXRUFRVJSTKTM-LUAWRHEFSA-N
CCOC(=O)c1ccc(Oc2nc(NC)nc(SC)n2)cc1	VHYIEBVKLNADOA-UHFFFAOYSA-N
COc1ccc(CN(C2CCCC2)S(=O)(=O)c2ccc(-n3cnnn3)cc2)cc1OC	URJKUCXXOIRRKM-UHFFFAOYSA-N
O=C(CSc1nnc(COc2ccc(F)cc2)o1)N1c2ccccc2CCc2ccccc21	JRIIWQDUIYRONJ-UHFFFAOYSA-N
COc1ccc(CN(Cc2cccnc2)S(=O)(=O)c2ccc(-n3cnnn3)c(C)c2)cc1OC	BSBDDQRLCJCNNK-UHFFFAOYSA-N
Cc1ccc(C2c3c(-c4cccs4)n[nH]c3OC(=N)C2C#N)s1	AETGFQKCPYDZAD-UHFFFAOYSA-N
Cc1ccc(-c2cc(-c3ccc4c(c3)OCO4)c(C#N)c(N)n2)o1	QNZDZCNELRLTIN-UHFFFAOYSA-N
OCCNc1nc(C2CC2)nc2c1nnn2Cc1ccccc1Cl	OMINQJFLCUSJRS-UHFFFAOYSA-N
CCN(CC)C(=O)c1sc(NC(=O)Cc2cccs2)c(C#N)c1C	GHPCUZOWKVESEM-UHFFFAOYSA-N
O=C(CSc1nnnn1Cc1ccccc1)c1ccccc1	YCYNKFHVNLIRQK-UHFFFAOYSA-N
CC(=O)OC(C)C[N+](C)(C)C	NZWOPGCLSHLLPA-UHFFFAOYSA-N
CNc1nc(C)c(C#N)c(-c2ccccc2)c1C(C)=O	OJWPPALFXNULHP-UHFFFAOYSA-N
CCOc1ccc(C2C(C#N)C(=N)SC(=N)C2C#N)cc1OC	CNFQHWNHJOBHKT-UHFFFAOYSA-N
c1ccc(-c2nc[nH]c2-c2ccccc2)cc1	CPHGOBGXZQKCKI-UHFFFAOYSA-N
CCOC(=O)c1oc2cccc(O)c2c1CN1CCOCC1	UWLZFNVPYPIMKH-UHFFFAOYSA-N
CCCCn1c(NC(C)=O)c(C#N)c2nc3ccccc3nc21	MLAJMOVXMPAZRC-UHFFFAOYSA-N
COc1ccc(OC)c(C=Nc2oc(-c3ccco3)c(-c3ccco3)c2C#N)c1	VPFUWGGRSSAAIQ-UHFFFAOYSA-N
C=CCSc1nnc2n(-c3ccccc3OC)c(=O)c3c4c(sc3n12)CCC4	HWWMSWMQNJKXEL-UHFFFAOYSA-N
CN1CCN(c2nc(-c3ccccc3)c3cc(Cl)ccc3n2)CC1	SCWQMFSITLQXBE-UHFFFAOYSA-N
O=C(Nc1ccccn1)c1nc[nH]c1C(=O)c1ccccc1	XWEAHMYQJKXLML-UHFFFAOYSA-N
CCCCOc1cc(C)nc(NCc2ccccc2)n1	LHIDFIJRJVRMKH-UHFFFAOYSA-N
CCCc1nc2scc(-c3ccccc3)c2c(=O)n1N	JACZCJRDMBCQOZ-UHFFFAOYSA-N
COCCCn1c(N)c(C(=O)OC(C)COC)c2nc3ccccc3nc21	CBAORSDJTYTFGR-UHFFFAOYSA-N
COc1ccc(-c2c3c(=O)n(C)c(=O)n(C)c3cn2-c2ccccc2)cc1	YBVRTJDBOZNSNT-UHFFFAOYSA-N
c1ccc(-c2nn3c(-c4ccccc4)nnc3s2)cc1	KGWKTDZMUQWDEW-UHFFFAOYSA-N
OCCNc1ncnc2c1c(-c1ccccc1)c(-c1ccccc1)n2Cc1ccco1	HJUQKIQEFGKYJC-UHFFFAOYSA-N
CSC1=Nc2sc3c(c2C(NCCCO)N1)CC(C)(C)OC3	PEOVEFUTTKNYHF-UHFFFAOYSA-N
CCOC(=O)c1cnc(-n2nc(C)cc2C)nc1Nc1cccc(C(=O)O)c1	FTKJZTQQOQYRET-UHFFFAOYSA-N
c1ccc(C2=Nn3c(nnc3-c3cccnc3)SC2)cc1	NZJZSQHLGGGFJH-UHFFFAOYSA-N
Cc1c(-c2ccccc2)nc(N)c(C#N)c1-c1ccco1	QWWARMPAKBZUOU-UHFFFAOYSA-N
CCCCN1C(=O)NC(=O)C(=C(C)NCc2ccc(F)cc2)C1=O	KGGHRQXGPHAONW-UHFFFAOYSA-N
CCCCn1c(NCCC)nc2c1c(=O)[nH]c(=O)n2C	DSDBIQSCSNPLHP-UHFFFAOYSA-N
COCCCNc1nc2ccccc2nc1NS(=O)(=O)c1cccs1	MNLXGKMHYOCLMH-UHFFFAOYSA-N
CCCc1nc2sc3c(SCC(=O)NCc4ccco4)ncnc3c2c2c1CCC2	ROVCYKXDPUSVNC-UHFFFAOYSA-N
O=C1c2ccccc2-c2onc3ccc(NCCCn4ccnc4)c1c23	SIJFRVCYVJSYJY-UHFFFAOYSA-N
CCc1ccc2oc(=O)cc(CN3CCOCC3)c2c1	CCIWVBOXYCTYKE-UHFFFAOYSA-N
COc1ccc(-c2noc(CCC(=O)Nc3cccnc3)n2)cc1OC	INMGIBPBZFWYIO-UHFFFAOYSA-N
C1CCC(c2nn3c(-c4n[nH]c5c4CCC5)nnc3s2)CC1	SNZYTTZBDBQBPN-UHFFFAOYSA-N
CCCc1nc2sc3ccccc3c(=O)c2c(=O)n1Cc1ccco1	XCPXLPAJFDXQSJ-UHFFFAOYSA-N
N#Cc1ccc(-c2ccco2)nc1SCc1ccccc1	KXXYTOAXMLSIDO-UHFFFAOYSA-N
CCOc1ccc(-c2noc(-c3cccnc3)n2)cc1OC	IACGLKCDLHWTKF-UHFFFAOYSA-N
O=c1cc(-c2ccccc2)nc(N2CCCCC2)[nH]1	ABCUIVDJIWPCLM-UHFFFAOYSA-N
CCOc1cc(-c2noc(CCC(=O)N3CCOCC3)n2)ccc1OC	ZWEUHQBLZLQKGO-UHFFFAOYSA-N
Cc1nn2c(N3CCCC3)cc(C(C)C)nc2c1-c1ccccc1	XVHBVZKMMKELKT-UHFFFAOYSA-N
CC(=O)c1c(O)n(-c2ccccc2)c(=S)n(C)c1=O	WFOIQMDPAORKFJ-UHFFFAOYSA-N
COc1ccc(-c2noc(CCN3C(=O)c4ccccc4C3=O)n2)cc1OC	MIVYVXDTRFCDIB-UHFFFAOYSA-N
Nc1nc(CN2CCN(c3ccccc3)CC2)nc(N2CCCc3ccccc32)n1	XAPUHHALCZTLTF-UHFFFAOYSA-N
COc1cc2[nH]c(=S)n(C3CCCC3)c(=O)c2cc1OC	RVOZCCUSTXSIEM-UHFFFAOYSA-N
c1ccc(Cn2c(NCc3ccco3)nc3ccccc32)cc1	OECUWHDVQIITIS-UHFFFAOYSA-N
Cn1c(=O)c2[nH]c(NCC3CCCO3)nc2n(-c2ccccc2)c1=O	LIOFYQSAOXQKJW-UHFFFAOYSA-N
N#Cc1cn(-c2ccccc2)nc1-c1ccccc1	FDDDVYRBXUWWGA-UHFFFAOYSA-N
CCn1cc(C(=O)OCC(=O)OC2CC(C)CCC2C(C)C)c(=O)c2ccc(C)nc21	SUJVYXLEROJSQA-UHFFFAOYSA-N
CCOC(=O)c1sc(NC(=O)COC(=O)Cn2cnc3ccccc32)c(C(=O)OCC)c1C	DHOMMKDFCLFIQX-UHFFFAOYSA-N
NC1=NC(c2cn(-c3ccccc3)nc2-c2cccs2)n2c(nc3ccccc32)N1	XXULBLUIXKHKKE-UHFFFAOYSA-N
CC(=N)C(C#N)C(=O)CSc1nnc(SCc2ccc(Cl)cc2)s1	XOFZDBBKJMAGPC-UHFFFAOYSA-N
OCCn1nc2c3ccccc3nc-2n(-c2ccccc2)c1=S	VBKHJNDKIJHXFB-UHFFFAOYSA-N
Cc1cc(N)n(-c2nc(-c3cccnc3)nc3ccccc23)n1	KBSMTXBDBDYBCR-UHFFFAOYSA-N
CCOC(=O)c1sc(NC(=O)CSc2nncs2)c(C(=O)OCC)c1C	LIXAGLFVKSKDAH-UHFFFAOYSA-N
CCOC(=O)C1=C(c2ccccc2)N2C=CS(=O)(=O)NC2S1	XLYYTZANINCLPU-UHFFFAOYSA-N
NC1=NC(c2ccc(Br)cc2)n2c(nc3ccccc32)N1	LPJKSXRZVOZSHE-UHFFFAOYSA-N
CCOC(=O)c1sc(=S)n(CC)c1N	HUQLNLCBTRLVTF-UHFFFAOYSA-N
CC1C=Cc2ccccc2N1C(=O)c1ccccc1	MAKBLQVIBFPTMW-UHFFFAOYSA-N
CCc1ccc(C2=Nn3c(nnc3-c3cccs3)SC2)cc1	AUIQVDGWXRAVOO-UHFFFAOYSA-N
N#CCSc1ncnc2sc3c(c12)CCC3	MOQMHJGLXRCFSU-UHFFFAOYSA-N
CCN(CC)c1nc(N)c2c(N)nc3c(c2c1C#N)CC(c1ccccc1)O3	LRRHINCDBOIOHX-UHFFFAOYSA-N
NC(=O)CSc1nc2scc(-c3ccco3)c2c(=O)n1-c1ccccc1	VKKAQVCKUDHOFN-UHFFFAOYSA-N
CC(C)C1c2c(-c3ccccc3)n[nH]c2OC(=N)C1C#N	HXTBJLLOMVCAAN-UHFFFAOYSA-N
COc1ccc(-c2nnc(-c3ccc(Br)o3)o2)cc1OC	CAJCHFLRAUBNQL-UHFFFAOYSA-N
CCCCNC(=O)Nc1ccc(Br)cn1	CLTIJSUOFLIDRW-UHFFFAOYSA-N
CCOC(=O)c1cnn(-c2cccc(Cl)c2)c1N	CQYOTMSWCKDYTD-UHFFFAOYSA-N
CCn1nc(C(=O)OCC(=O)N2c3ccccc3CC2C)c2ccccc2c1=O	GFEMVAASJDTZLM-UHFFFAOYSA-N
O=C1OCCC1Sc1ncnc2sc3c(c12)CCC3	GKHMBHYENNTAPI-UHFFFAOYSA-N
CCOC(=O)C1CCCN(c2nc3ccccc3nc2C(C#N)C(=O)OCC)C1	WJHMSNNJLVHLAU-UHFFFAOYSA-N
N#Cc1c(N)nc(-c2ccccc2)nc1-c1ccccc1	RVAUJCJDJMOIOL-UHFFFAOYSA-N
O=C(NCc1ccco1)c1nn(-c2ccccc2)c(=O)c2ccccc12	MPKHYSYXZMIPPL-UHFFFAOYSA-N
CN1CCN(c2ccc(Cl)cc2NC(=O)c2cccc(S(=O)(=O)N(C)C)c2)CC1	YLXJOFDLKOXOKC-UHFFFAOYSA-N
O=C(OCn1nnc2ccccc2c1=O)C1CCN(S(=O)(=O)c2cccs2)CC1	OZGNMJOYIURVJU-UHFFFAOYSA-N
CCOC(=O)C1C(C)=Nc2nc(SC)nn2C1c1ccc(C(=O)OC)cc1	WLUJAGFOOWEHAM-UHFFFAOYSA-N
COC(=O)C(C)C1Sc2ccccc2NC1=O	MUMHZPJCLHFCOF-UHFFFAOYSA-N
CCSc1oc(-c2ccco2)nc1S(=O)(=O)c1ccc(F)cc1	VYZIQHXLSLPCDV-UHFFFAOYSA-N
Cc1ccc(-n2c(=O)cc(N3CC(C)CC(C)C3)[nH]c2=O)cc1	DKBBPXLGDDSLNA-UHFFFAOYSA-N
CCOC(=O)c1cc2c(=O)n3ccccc3nc2n(CCCOC)/c1=N/C(=O)c1cccnc1	IMMIMBZRWLQRDQ-SZXQPVLSSA-N
CC(C)c1ccc(-c2nc(N3CCCCC3)[nH]c(=O)c2C#N)cc1	RPEQRRUOKCBHNN-UHFFFAOYSA-N
CCOC(=O)c1oc2ccc(S(=O)(=O)N3CCOCC3)cc2c1C	XUYGSLRBJXMIMK-UHFFFAOYSA-N
COc1ccc(OC)c(NC(=O)CSc2nc3ccccc3c(=O)n2CCNC(C)=O)c1	IOWGYHQXHGMMSE-UHFFFAOYSA-N
N#CC1C(=N)N(c2ccccc2)C2=C(C(=O)CCC2)C1c1cccs1	BJTAAZDZCCZOBL-UHFFFAOYSA-N
Cc1cccc(-n2c(=O)[nH]c3c(C(N)=O)nc(C(C)C)nc32)c1	HNLWETRZMDBBOS-UHFFFAOYSA-N
COc1ccc(C(=O)Nc2nnc(Cc3cccs3)s2)cc1OC	KWZCQZIEEUHHSC-UHFFFAOYSA-N
CC(=O)c1nn(-c2cccc(Cl)c2)cc1C(=O)c1ccco1	WFXTYIQCGYBXJL-UHFFFAOYSA-N
NC(=O)NC(=O)Nc1ccccc1Cl	UNOQWOGQABWOAY-UHFFFAOYSA-N
N#Cc1nc(N)nc(N(c2ccccc2)c2ccccc2)n1	KTIBTQAECPZEKI-UHFFFAOYSA-N
CCOc1nc(NCCc2ccc(OC)c(OC)c2)nc(NC(C)(C)CO)n1	WBVOLKCAUFJUCZ-UHFFFAOYSA-N
CCOc1cc(C2c3c(-c4ccccc4)n[nH]c3OC(=N)C2C#N)ccc1O	KXWNQHZFJRQRCS-UHFFFAOYSA-N
O=C(NCc1ccccn1)c1ccc2nc(-c3ccco3)c(-c3ccco3)nc2c1	GQAIPLQSFXPSBO-UHFFFAOYSA-N
COC(=O)c1cc2sc(Cl)cc2n1CC(=O)N1CCCc2ccccc21	OFNKUJXKSQFDPK-UHFFFAOYSA-N
O=S(=O)(c1cccs1)N1CCN(c2ccccn2)CC1	XEFSPLRLBPGJHY-UHFFFAOYSA-N
CNc1nn(-c2cccc(Cl)c2)nc1N	UDYXQSKRAZKRDP-UHFFFAOYSA-N
O=C(C1CCC1)N1CCc2cc(S(=O)(=O)NCc3cccnc3)ccc21	NKCMFDQBACROML-UHFFFAOYSA-N
CCOC(=O)CC1=NC(C)(C)Cc2cc(OC)c(O)cc21	ULSLHNFDVQZJFW-UHFFFAOYSA-N
CCn1ncc(C2=NOC(C(=O)NCc3ccccc3)C2)c1C	WOLPDLDVVLJEAU-UHFFFAOYSA-N
CCSc1nc2c(c(=O)n1CC)SC(C)C2	PSBLLRNSAULUIY-UHFFFAOYSA-N
Cc1oc2ccc(OCC(N)=O)cc2c1C(=O)OC(C)C	RISOMZYXVKYFBK-UHFFFAOYSA-N
CCn1c(=O)cc(SCC(=O)Nc2ccc3c(c2)OCO3)c2ccccc21	BKYJKWFYEDIXAQ-UHFFFAOYSA-N
COC(=O)c1ccc(CSc2nc3c(cnn3-c3ccc(F)cc3)c(=O)[nH]2)o1	WBNJIAXFCSKQCF-UHFFFAOYSA-N
Cc1ccc(CNc2nc3ccccc3n3nnnc23)cc1	VHTWQYDDWUZRJI-UHFFFAOYSA-N
O=C(CCNS(=O)(=O)c1ccc2c(c1)CCC(=O)N2)NCc1ccc2c(c1)OCO2	NTYJRKAMJSERQF-UHFFFAOYSA-N
CCCCCSc1nc2c(cnn2-c2ccccc2)c(=O)[nH]1	DGJKWPHFTYKBHU-UHFFFAOYSA-N
CC(C)C1N=C2c3ccccc3N=C(SCC#N)N2C1=O	COHYMRLCKRCOHK-UHFFFAOYSA-N
CSc1nncc(-c2ccc(F)c(F)c2)n1	AZHGDHGEYCLYPN-UHFFFAOYSA-N
COc1ccc(C2=NOC(C(=O)NC3CCCCC3)C2)cc1OC	DBDAUGQHSAFNCN-UHFFFAOYSA-N
Cc1[nH]nc2c1C(c1ccc(F)cc1)C1C(=O)CC(C)(C)CC1=N2	ORWBGBAPILBMJS-UHFFFAOYSA-N
N#CC1C(=N)Oc2nc(-c3ccccc3)[nH]c2C1c1cccnc1	UZQOSEJSPAPEGF-UHFFFAOYSA-N
CCOc1ccc(-c2noc(COC)n2)cc1OC	CCKCKNOVZGVHBQ-UHFFFAOYSA-N
c1ccc(-c2nnc3sc(CN4CCc5ccccc54)cn23)cc1	CZEOVHGKEIYKCI-UHFFFAOYSA-N
N#Cc1c(N)sc2c1CCCCCC2	FFMNIWGELAUZIJ-UHFFFAOYSA-N
COc1ccc(S(=O)(=O)N(C)c2ccc(C(=O)N3CCOCC3)cc2)cc1OC	NFTSKVSHKXMMEI-UHFFFAOYSA-N
CCOC(=O)c1c(NC(=O)CSc2nnc(CN3CCOCC3)n2C)sc2c1CCCC2	SSGWXVNJZDZVGI-UHFFFAOYSA-N
COc1ccc2c(C(F)(F)F)cc(=O)oc2c1C	KAIHCWSEKNEATL-UHFFFAOYSA-N
CCOC(=O)N1CCN(C(=O)c2ccc(Cl)c(S(=O)(=O)Nc3ccccc3)c2)CC1	UWLBKIZDIQWQNF-UHFFFAOYSA-N
C=CCc1ccccc1OCCn1ccnc1	GPTVDKAAFOCJDF-UHFFFAOYSA-N
Fc1ccccc1CSc1nnnn1-c1ccc2c(c1)OCO2	GHOXGHPAULYOQT-UHFFFAOYSA-N
C(=NC(N=Cc1ccco1)c1ccco1)c1ccco1	CYGDSXFTXXFMNI-UHFFFAOYSA-N
COc1cc(N=C(NS(=O)(=O)c2ccccc2)c2ccccc2)ncn1	MZSJWXZUCNGFOQ-UHFFFAOYSA-N
CCC1(C)Cc2c(c(=O)n(-c3ccccc3)c3ncnc(N)c23)CO1	OWTOJWOUGVGXMP-UHFFFAOYSA-N
CCOC(=O)c1c(C)nc2sccn12	NSUFDDBQLKSSIN-UHFFFAOYSA-N
Fc1ccc(N=C2NCCS2)cc1Cl	GTWYXLBRYWONSP-UHFFFAOYSA-N
Cc1cc(Br)c2c(c1)/C(=C1/SC(N3CCCCCC3)=NC1=O)C(=O)N2	LECHVJGDLMGSRA-SQFISAMPSA-N
COc1ccc(N2CCN(S(=O)(=O)c3cccs3)CC2)cc1	CTWQTDXATASNGZ-UHFFFAOYSA-N
COc1nc(C)ccc1-c1noc(-c2ccncc2)n1	YQJCMQGYIFXMBX-UHFFFAOYSA-N
C=CCNc1sc(C(=O)C(C)(C)C)c(N)c1C#N	NGYSKLXEAGZCTO-UHFFFAOYSA-N
CCOC(=O)c1nn(-c2ccc(OC)cc2)c(=O)c2c(N)scc12	ZHOXCPCRQLGLIL-UHFFFAOYSA-N
CCOC(=O)Nc1sc(C(=O)N(CC)CC)c(C)c1C(=O)OCC	UZDHTEDHKGMFJC-UHFFFAOYSA-N
CCOC(=O)c1c(NC(=O)CSc2nnc(Cc3csc(N)n3)n2C)sc(C)c1C	PAFIEJOKAGSTPH-UHFFFAOYSA-N
COc1ccc(-c2noc(CSc3nnc(-c4ccncc4)n3-c3ccc(F)cc3)n2)cc1OC	ZYWUMPTUEFLNOY-UHFFFAOYSA-N
COC(=O)c1ccccc1NC(=O)c1ccc2c(c1)OCCO2	AWFOICWLUXROFE-UHFFFAOYSA-N
O=C1CC(c2cccs2)c2cc3c(cc2N1)OCCO3	FLUZLSXGOKVFFO-UHFFFAOYSA-N
Cc1ccc(-c2nn(C)c(=O)c3ccccc23)cc1S(=O)(=O)NCCO	FRYHCTPNLONYMV-UHFFFAOYSA-N
CCOC(=O)c1sc(-c2ccccc2)cc1N	ALFMTFUIVUKCCM-UHFFFAOYSA-N
COC(=O)C1C(C)=NC2=C(C(=O)c3ccccc32)C1c1ccc(-c2ccc(C(=O)O)cc2)o1	SWCIDKFNZHVGSD-UHFFFAOYSA-N
N#Cc1nc(-c2cccs2)oc1NCC1CCCO1	AIPQAXWNBFJZCQ-UHFFFAOYSA-N
CC/N=C1/SC(CC(=O)Nc2ccccc2OCC)C(=O)N1CC	QBAZDZVNJBIYCS-ISLYRVAYSA-N
CCCCN(CC)C(=O)c1ccc(Cl)c(Cl)c1	ATOZZFITRRPGJO-UHFFFAOYSA-N
C=CCNC(=O)c1ccccc1NC(=O)c1ccccc1	AQMJKODHLTZTGP-UHFFFAOYSA-N
O=C(Nc1ccccc1Oc1ccccc1)c1cnccn1	XVWBWNNYBVXVGF-UHFFFAOYSA-N
Nc1ncnc2c1ncn2CCOc1ccccc1	GSPLREGIDRRRML-UHFFFAOYSA-N
CCn1cc(C(=O)OCc2ccccc2)c(=O)c2ccc(C)nc21	VWLNTSBTJQWOKN-UHFFFAOYSA-N
CCOc1cc(C(=O)NCCOC)ccc1OC	DKANMXQPNCVSED-UHFFFAOYSA-N
COC(=O)c1ccccc1NC(=O)COc1ccc(S(=O)(=O)N2CCCC2)cc1C	VTKLJXCBXOTXLU-UHFFFAOYSA-N
Cc1cc(-c2cccs2)c2c(n1)sc1c(=O)[nH]c(=O)[nH]c12	PGRAQLFZSOLKJK-UHFFFAOYSA-N
CCSc1ncc(Cl)c(C(=O)Nc2ccc(S(=O)(=O)Nc3onc(C)c3C)cc2)n1	UHLRXDCERABBIX-UHFFFAOYSA-N
CC1(C)Cc2nc(N3CCOCC3)c(C#N)cc2CO1	MQVYLWPNIPHWST-UHFFFAOYSA-N
CCCn1/c(=N/C(=O)c2ccco2)c(C(=O)OCC)cc2c(=O)n3ccccc3nc21	SOPJQJLWSNJZCY-LYBHJNIJSA-N
O=c1c2ccccc2nc(SCc2cccc(F)c2)n1Cc1ccco1	PRNMYZHREGOFFE-UHFFFAOYSA-N
C=CCn1c(SCC(=O)Nc2sc(C)c(C)c2C(=O)OCC)nnc1-c1sc(N)nc1C	GLIOLZVNDBEIDK-UHFFFAOYSA-N
CCCCCn1c(NCc2ccco2)nc2ccccc21	PBKHHYFLOQJDOQ-UHFFFAOYSA-N
COc1ccc2cc3c(N)nn(C(=O)Cc4ccccc4OC)c3nc2c1	AFARTCQWZVTVJO-UHFFFAOYSA-N
COCc1cc(C)nc2sc(C(=O)N3CCN(c4ccccc4)CC3)c(N)c12	ZEAZJNKPMRTFQD-UHFFFAOYSA-N
Cc1oc(-c2ccccc2F)nc1CS(=O)(=O)CC(=O)N1CCc2ccccc2C1	GOOFWFQYEKETBM-UHFFFAOYSA-N
COc1ccc(C2CC(c3ccc(Cl)cc3Cl)Nc3nc(N)nn32)cc1	QMSKNKMPIMSMMX-UHFFFAOYSA-N
c1ccc2c(c1)CCCN2c1nc2ccccc2n2cnnc12	ZBKRLQLGOYDKLA-UHFFFAOYSA-N
CCc1nc(N)c(C#N)c(-c2ccncc2)c1C	WHKFSWODELZPOI-UHFFFAOYSA-N
Cc1c(C(=O)OCC(C)C)[nH]c2c1C(=O)CC(c1ccco1)C2	BKTVAGCHZGSVFM-UHFFFAOYSA-N
CC1(C)Cc2c(C#N)c(NC3CCCCC3)nc(-c3ccco3)c2CO1	UVTNBDZSSVYPBU-UHFFFAOYSA-N
CCOc1ccc(C2Oc3nc(SC)nnc3-c3ccccc3N2C(C)=O)cc1OC	CBVHOIKBOHZGSA-UHFFFAOYSA-N
CC1(C)Cc2c(C#N)c(N3CCCC3)nc(-c3ccco3)c2CO1	SMQGOCGWXXHCPA-UHFFFAOYSA-N
Cc1cccc(CSC2=NCCN2C(=O)c2ccco2)c1	PPFRZBAPTOIPKP-UHFFFAOYSA-N
CCCc1cc(C(=O)Nc2sc(C(C)=O)c(C)c2C(=O)OCC)no1	JDBHIPTUPYCKLM-UHFFFAOYSA-N
CCOC(=O)c1c(C)oc2cc(Br)c(O)c(Br)c12	YIPWLRSUHWXVLW-UHFFFAOYSA-N
Nc1nc2n(n1)C(c1ccccc1)CC(c1ccc(F)cc1)N2	IPTAKXBCVHXFHW-UHFFFAOYSA-N
Cc1ccc(C2CC(c3cccc(C)c3)n3nc(N)nc3N2)cc1	SKZUFMZSQVXPKH-UHFFFAOYSA-N
CSc1oc(-c2ccco2)nc1S(=O)(=O)c1ccc(Br)cc1	QHKYLHMRWORFQS-UHFFFAOYSA-N
CCOC(=O)CSC1=C(C#N)C(c2ccc(C)o2)CC(=O)N1	DVSIXBQUPHVGMB-UHFFFAOYSA-N
O=S(=O)(Nc1cccc(-c2nc3cccnc3s2)c1)c1ccc2c(c1)OCCO2	ANNOXMPVMJABQL-UHFFFAOYSA-N
CCC(=O)Nc1nc2c(OC)ccc(OC)c2s1	RDEKWINQUSCZMI-UHFFFAOYSA-N
C/C=C/Cn1c(SCCCc2ccccc2)nc2c1c(=O)[nH]c(=O)n2C	MGHRGGHCCMMDND-ONEGZZNKSA-N
Cn1c(=O)c2c(SCc3ccccc3)nc(-c3ccco3)nc2n(C)c1=O	KNPURASNYOTMSS-UHFFFAOYSA-N
CCC(C)Sc1nc2c([nH]c3ccccc32)c(=O)n1C	BQVFSSLPCMGBHL-UHFFFAOYSA-N
NC(=O)c1oc2ccccc2c1NC(=O)c1ccc(F)cc1	SUKPTNGJUYNFIG-UHFFFAOYSA-N
COc1ccccc1-n1c(=O)[nH]c2c(C(N)=O)nc(CC(C)C)nc21	RHCGHKASEVWCKZ-UHFFFAOYSA-N
CC(=O)OCC1OC(c2ccccc2)C(OC(C)=O)C(OC(C)=O)C1OC(C)=O	RSVDHRRPXRATQV-UHFFFAOYSA-N
CCn1c2ccccc2c2nc3ccccc3nc21	IQAPAXYJGPZPMU-UHFFFAOYSA-N
CC(NCc1cccnc1)=C1C(=O)c2ccccc2C1=O	PHDAHWZSPANQBT-UHFFFAOYSA-N
COC(=O)c1c(NC(=O)Cc2cccs2)sc2c1CCC(C)C2	FOZWQDASVSXMSS-UHFFFAOYSA-N
Oc1nc(Nc2ccccn2)sc1Cc1ccccc1	MEQNTHSEIRTURD-UHFFFAOYSA-N
CC(CC(=O)c1ccccc1)=Nc1cccc(O)c1	PMQWFWWPVTZADD-UHFFFAOYSA-N
COc1ccc(OC)c(N2C(=O)C(Cl)=C(N3CCCCC3)C2=O)c1	GTVMVQFZEJEDKO-UHFFFAOYSA-N
CC(=O)Oc1c(Cl)c(N2CCOCC2)c(OC(C)=O)c2ccccc12	XKFAXPOFXGENBT-UHFFFAOYSA-N
O=C(c1ccccc1)N(Cc1ccccc1)c1ccccn1	RQQKNGSEULEQHA-UHFFFAOYSA-N
CCOC(=O)c1nc[nH]c1C(=O)Nc1ccccn1	NLPHFAQEHGHOLE-UHFFFAOYSA-N
COc1nc(NCc2ccc(Cl)cc2)nc(OC)n1	INUSAVDNOHCLDU-UHFFFAOYSA-N
COc1ccc(-c2cc(C(F)(F)F)n3nc(C(=O)N4CCCCC4)cc3n2)cc1	CFLAIXWXKXQQEB-UHFFFAOYSA-N
CSc1cc(CN=O)c(SC)s1	PVCCRSANRHWFPH-UHFFFAOYSA-N
C=CCOc1ccc(C(CC)N=O)c(OC)c1	FVGYMUORGOMGIS-UHFFFAOYSA-N
CCC(=O)Nc1cccc(NC(=O)c2cc3ccccc3o2)c1	OZDRURGXEDBMQV-UHFFFAOYSA-N
COc1ncnc2sc3c(c12)CCCC3	APMNRWQWJSNFBB-UHFFFAOYSA-N
O=C1CCCCCNC(=O)CCCCCN1	HERSSAVMHCMYSQ-UHFFFAOYSA-N
CN1CCc2cccc3c2[C@H]1Cc1ccc(O)c(O)c1-3	VMWNQDUVQKEIOC-CYBMUJFWSA-N
CC(C)C[C@H]1C(=O)N2CCC[C@H]2[C@]2(O)O[C@](NC(=O)[C@@H]3C=C4c5cccc6[nH]c(Br)c(c56)C[C@H]4N(C)C3)(C(C)C)C(=O)N12	OZVBMTJYIDMWIL-AYFBDAFISA-N
CC(C)(C)[C@]1(O)CCN2C[C@H]3c4ccccc4CCc4cccc(c43)[C@@H]2C1	ZZJYIKPMDIWRSN-HWBMXIPRSA-N
CN(C)CCCN1c2ccccc2Sc2ccc(Cl)cc21	ZPEIMTDSQAKGNT-UHFFFAOYSA-N
CN1CCN(C2=c3ccccc3=Nc3ccc(Cl)cc3N2)CC1	ZUXABONWMNSFBN-UHFFFAOYSA-N
NCCc1ccc(O)c(O)c1	VYFYYTLLBUKUHU-UHFFFAOYSA-N
CCc1cc(Cl)c(OC)c(C(=O)NC[C@@H]2CCCN2CC)c1O	AADCDMQTJNYOSS-LBPRGKRZSA-N
OCCN1CCN(CC/C=C2\c3ccccc3Sc3ccc(C(F)(F)F)cc32)CC1	NJMYODHXAKYRHW-BLLMUTORSA-N
OCCN1CCN(CCCN2c3ccccc3Sc3ccc(C(F)(F)F)cc32)CC1	PLDUPXSUYLZYBN-UHFFFAOYSA-N
O=C(CCCN1CCC(O)(c2ccc(Cl)cc2)CC1)c1ccc(F)cc1	LNEPOXFFQSENCJ-UHFFFAOYSA-N
O=C(c1ccc(F)cc1)C1CCN(CCn2c(=O)[nH]c3ccccc3c2=O)CC1	FPCCSQOGAWCVBH-UHFFFAOYSA-N
CCCN1CCCC2Cc3[nH]ncc3CC21	FTSUPYGMFAPCFZ-UHFFFAOYSA-N
CCCN(CCc1cccs1)C1CCc2c(O)cccc2C1	KFQYTPMOWPVWEJ-UHFFFAOYSA-N
NCC(O)c1ccc(O)c(O)c1	SFLSHLFXELFNJZ-UHFFFAOYSA-N
O=C(O)c1ccccc1C(=O)Nc1cccc2ccccc12	JXTHEWSKYLZVJC-UHFFFAOYSA-N
CCCN1C[C@H](CSC)C[C@@H]2c3cccc4[nH]cc(c34)C[C@H]21	YEHCICAEULNIGD-MZMPZRCHSA-N
CN1CCc2cc(Cl)c(O)cc2[C@@H](c2ccccc2)C1	GOTMKOSCLKVOGG-OAHLLOKOSA-N
Oc1cc2c(cc1O)[C@@H](c1ccccc1)CNCC2	JUDKOGFHZYMDMF-CQSZACIVSA-N
Oc1ccc(C2CNCCc3c2cc(O)c(O)c3Cl)cc1	TVURRHSHRRELCG-UHFFFAOYSA-N
O=C(CCCN1CCC2(CC1)C(=O)NCN2c1ccccc1)c1ccc(F)cc1	DKGZKTPJOSAWFA-UHFFFAOYSA-N
CCN1CCCC1CNC(=O)c1cc(S(N)(=O)=O)ccc1OC	BGRJTUBHPOOWDU-UHFFFAOYSA-N
CSc1ccc2c(c1)N(CCC1CCCCN1C)c1ccccc1S2	KLBQZWRITKRQQV-UHFFFAOYSA-N
OCCC1CCN(CCC=C2c3ccc(F)cc3Sc3ccc(C(F)(F)F)cc32)CC1	CCUOZZURYIZOKX-UHFFFAOYSA-N
OCCN1CCN(CCCC2c3ccc(F)cc3Sc3ccc(C(F)(F)F)cc32)CC1	BJWAPFORUPUXRJ-UHFFFAOYSA-N
CN1CCN(C2=Nc3cc(F)ccc3Cc3ccccc32)CC1	OBWGMKKHCLHVIE-UHFFFAOYSA-N
Clc1cccc(N2CCNCC2)c1	VHFVKMTVMIZMIK-UHFFFAOYSA-N
Cc1cc([C@@H]2CCCN2C)on1	ILLGYRJAYAAAEW-QMMMGPOBSA-N
COc1cc(COc2cc(N)c(Cl)cc2C(=O)CCC2CCN(CCNS(C)(=O)=O)CC2)cc(OC)c1	BKVIWGRFRKLFIO-UHFFFAOYSA-N
CCCCN1CCC(COC(=O)c2cc(Cl)c(N)c3c2OCCO3)CC1	AOOSJYIINXVNHV-UHFFFAOYSA-N
COc1cccc([C@H](O)C2CCN(CCc3ccc(F)cc3)CC2)c1OC	HXTGXYRHXAGCFP-OAQYLSRUSA-N
CC(N)Cc1c[nH]c2ccc(OCc3cccs3)cc12	ALFGDCNSEBJYSP-UHFFFAOYSA-N
Cc1cc(NC(=O)Nc2ccc3c(ccn3C)c2)sn1	USFUFHFQWXDVMH-UHFFFAOYSA-N
Cc1cc2c(s1)=Nc1ccccc1NC=2N1CCN(C)CC1	WXPNDRBBWZMPQG-UHFFFAOYSA-N
COc1cc(C(C)=O)ccc1OCCCN1CCC(c2noc3cc(F)ccc23)CC1	XMXHEBAFVSFQEX-UHFFFAOYSA-N
OCCOCCN1CCN(C2=Nc3ccccc3Sc3ccccc32)CC1	URKOMYMAXPYINW-UHFFFAOYSA-N
Cc1nc2n(c(=O)c1CCN1CCC(c3noc4cc(F)ccc34)CC1)CCCC2	RAPZEAPATHNIPO-UHFFFAOYSA-N
Cc1ccc(Cn2nc(C(=O)NC3C(C)(C)C4CC[C@@]3(C)C4)cc2-c2ccc(Cl)c(C)c2)cc1	SUGVYNSRNKFXQM-ACSDJOOWSA-N
Cc1[nH]c2ccc(O)cc2c1CCN	WYWNEDARFVJQSG-UHFFFAOYSA-N
NCCc1c[nH]c2ccc(O)cc12	QZAYGJVTTNCVMB-UHFFFAOYSA-N
CCCN(CCC)C1CCc2cccc(O)c2C1	ASXGJMSKWNBENU-UHFFFAOYSA-N
CC(N)Cc1ccccc1	KWTSXDURSIMDCE-UHFFFAOYSA-N
NC(=O)N1c2ccccc2C=Cc2ccccc21	FFGPTBGBLSHEPO-UHFFFAOYSA-N
CN1CCN(c2nc3cc(C(F)(F)F)ccc3n3cccc23)CC1	LXFHSCDLMBZYKY-UHFFFAOYSA-N
CN(C)CCCN1c2ccccc2CCc2ccc(Cl)cc21	GDLIGKIOYRNHDA-UHFFFAOYSA-N
COC(=O)[C@H]1[C@@H](OC(=O)c2ccccc2)C[C@@H]2CC[C@H]1N2C	ZPUCINDJVBIVPJ-LJISPDSOSA-N
CN1CCC(=C2c3ccccc3C=Cc3ccccc32)CC1	JJCFRYNCJDLXIK-UHFFFAOYSA-N
C#CCN(C)[C@H](C)Cc1ccccc1	MEZLKOACVSPNER-GFCCVEGCSA-N
CNCCCN1c2ccccc2CCc2ccccc21	HCYAFALTSJYZDH-UHFFFAOYSA-N
CN1CC(C(=O)N[C@]2(C)O[C@@]3(O)C4CCCN4C(=O)[C@H](Cc4ccccc4)N3C2=O)CC2c3cccc4[nH]cc(c34)CC21	LUZRJRNZXALNLM-YCFDMHLDSA-N
Fc1ccc(C(OCCN2CCN(CCCc3ccccc3)CC2)c2ccc(F)cc2)cc1	NAUWTFJOPJWYOT-UHFFFAOYSA-N
CC[C@@H]1CC2C[C@@H]3c4[nH]c5ccc(OC)cc5c4CCN(C2)C31	HSIBGVUMFOSJPD-XTKBRTNLSA-N
CN1C2CCC1CC(OC(=O)c1c[nH]c3ccccc13)C2	ZNRGQMMCGHDTEI-UHFFFAOYSA-N
c1ccc2c(c1)OCC(C1=NCCN1)O2	HPMRFMKYPGXPEP-UHFFFAOYSA-N
NC(Cc1ccc(O)c(O)c1)C(=O)O	WTDRDQBEARUVNC-UHFFFAOYSA-N
CC(N)Cc1ccc2c(c1)OCO2	NGBBVGZWCFBOGO-UHFFFAOYSA-N
CN1C2CCC1CC(OC(=O)c1cc(Cl)cc(Cl)c1)C2	MNJNPLVXBISNSX-UHFFFAOYSA-N
CN[C@@H](C)Cc1ccc2c(c1)OCO2	SHXWCVYOXRDMCX-QMMMGPOBSA-N
CNC(C)Cc1ccccc1	MYWUZJCMWCOHBA-UHFFFAOYSA-N
COC(=O)[C@@H](c1ccccc1)[C@@H]1CCCCN1	DUGOZIWVEXMGBE-STQMWFEESA-N
CCN(CC)CCNC(=O)c1cc(Cl)c(N)cc1OC	TTWJBBZEZQICBI-UHFFFAOYSA-N
CN1CCN2c3ccccc3Cc3ccccc3[C@H]2C1	UEQUQVLFIPOEMF-GOSISDBHSA-N
COc1ccccc1N1CCN(CCCCN2C(=O)c3ccccc3C2=O)CC1	SJDOMIRMMUGQQK-UHFFFAOYSA-N
CN1Cc2c(N)cccc2C(c2ccccc2)C1	XXPANQJNYNUNES-UHFFFAOYSA-N
Cc1nccn1CC1CCc2c(c3ccccc3n2C)C1=O	FELGMEQIXOGIFQ-UHFFFAOYSA-N
Cc1ccc(N(CC2=NCCN2)c2cccc(O)c2)cc1	MRBDMNSDAVCSSF-UHFFFAOYSA-N
O=c1[nH]c2ccccc2n1C1CCN(CCCC(c2ccc(F)cc2)c2ccc(F)cc2)CC1	YVUQSNJEYSNKRX-UHFFFAOYSA-N
CCCN1CCCC(c2cccc(O)c2)C1	HTSNFXAICLXZMA-UHFFFAOYSA-N
CC(C)NCC(O)COc1cccc2ccccc12	AQHHHDLHHXJYJD-UHFFFAOYSA-N
c1ccc2nc(N3CCNCC3)ccc2c1	XRXDAJYKGWNHTQ-UHFFFAOYSA-N
COC(=O)[C@H]1[C@H]2C[C@@H]3c4[nH]c5cc(OC)ccc5c4CCN3C[C@H]2C[C@@H](OC(=O)c2cc(OC)c(OC)c(OC)c2)[C@@H]1OC	QEVHRUUCFGRFIF-MDEJGZGSSA-N
Cc1nc2sccn2c(=O)c1CCN1CCC(=C(c2ccc(F)cc2)c2ccc(F)cc2)CC1	JUQLTPCYUFPYKE-UHFFFAOYSA-N
C=CCN1CCc2cc(O)c(O)cc2C(c2ccccc2)C1	QBUVZVXIRYFENV-UHFFFAOYSA-N
Oc1cc2c(c(Cl)c1O)CC[NH2+]C[C@@H]2c1ccccc1	GHWJEDJMOVUXEC-CYBMUJFWSA-O
C=CCN1CCc2c(cc(O)c(O)c2Cl)C(c2ccccc2)C1	HJWHHQIVUHOBQN-UHFFFAOYSA-N
NC1CC1c1ccccc1	AELCINSCMGFISI-UHFFFAOYSA-N
CNc1cc(OC)c(C(=O)N[C@H]2CCN(Cc3ccccc3)[C@H]2C)cc1Cl	KRVOJOCLBAAKSJ-KSSFIOAISA-N
COC(=O)[C@H]1[C@@H](O)CC[C@H]2CN3CCc4c([nH]c5ccccc45)[C@@H]3C[C@@H]21	BLGXFZZNTVWLAY-SCYLSFHTSA-N
CN(C)C/C=C(/c1ccc(Br)cc1)c1cccnc1	OYPPVKRFBIWMSX-SXGWCWSVSA-N
CCCN(CCC)C1CCc2cc(CS(=O)(=O)c3ccc(OC)cc3)ccc2C1	HUXFXXWYIRBVJR-UHFFFAOYSA-N
OC1(c2ccc(Cl)cc2)CCN(Cc2c[nH]c3ccccc23)CC1	LLBLNMUONVVVPG-UHFFFAOYSA-N
N#Cc1ccc2c(c1)[C@H]1CN(CCCCNC(=O)c3ccc(-c4ccccc4)cc3)C[C@@H]1CO2	QQJHRQZZCNYDMX-VPUSJEBWSA-N
CC(CF)NCC(O)COc1cccc2[nH]c3ccccc3c12	QHLGXPUIUKSADT-UHFFFAOYSA-N
O=c1cc(O)cc2oc(-c3ccc(O)c(-c4c(O)cc(O)c5c(=O)cc(-c6ccc(O)cc6)oc45)c3)cc(O)c1-2	QYDURWHTEIUTEI-UHFFFAOYSA-N
CC(C)=CCC[C@]1(C)[C@@H](CC=C(C)C)C[C@]2(CC=C(C)C)C(=O)C(CC=C(C)C)C(=O)[C@]1(C(=O)C(C)C)C2=O	GQRREYKSPJMLAW-CWRBZUMDSA-N
Cc1cc(O)c2c(=O)c3c(O)cc(O)c4c5c(O)cc(O)c6c(=O)c7c(O)cc(CO)c8c1c2c(c34)c(c65)c78	YXBUQQDFTYOHQI-UHFFFAOYSA-N
O=c1cc(O)cc2oc(-c3ccc(O)c(O)c3)c(OC3OC(CO)C(O)C(O)C3O)c(O)c1-2	DPFYPHSPTUZJJT-UHFFFAOYSA-N
O=c1c(O)c(-c2ccc(O)c(O)c2)oc2cc(O)cc(O)c12	REFJWTPEDVJJIY-UHFFFAOYSA-N
COC(=O)[C@@H]1C[C@H](OC(C)=O)C(=O)[C@H]2[C@@]1(C)CC[C@H]1C(=O)O[C@H](c3ccoc3)C[C@]21C	OBSYBRPAKCASQB-AGQYDFLVSA-N
C=CCN1CC(C(=O)N(CCCN(C)C)C(=O)NCC)CC2c3cccc4[nH]cc(c34)CC21	KORNTPPJEAJQIU-UHFFFAOYSA-N
CCN(CC)C(=O)N[C@@H]1C=C2c3cccc4[nH]cc(c34)C[C@H]2N(C)C1	BKRGVLQUQGGVSM-RDTXWAMCSA-N
c1cnc(N2CCN(Cc3ccc4c(c3)OCO4)CC2)nc1	OQDPVLVUJFGPGQ-UHFFFAOYSA-N
CCCNC1CCc2nc(N)sc2C1	FASDKYOPVNHBLU-UHFFFAOYSA-N
CCCN1CCC[C@@H]2Cc3nc(N)ncc3C[C@H]21	TUFADSGTJUOBEH-ZWNOBZJWSA-N
CCCN(CCC)CCc1cccc2c1CC(=O)N2	UHSKFQJFRQCDBE-UHFFFAOYSA-N
Oc1ccc2[nH]cc(CCCCN3CC=C(c4ccccc4)CC3)c2c1	HGEYJZMMUGWEOT-UHFFFAOYSA-N
C=CCN1CCc2nc(N)sc2CC1	DHSSDEDRBUKTQY-UHFFFAOYSA-N
CCN(CC)C(=O)N[C@H]1C[C@@H]2c3cccc4[nH]cc(c34)C[C@H]2N(C)C1	JOAHPSVPXZTVEP-YXJHDRRASA-N
C[NH+](C)C1CCc2cc(O)c(O)cc2C1	JWLJBTDXCBIGBW-UHFFFAOYSA-O
CC(CN(C)C)CN1c2ccccc2Sc2ccc(C#N)cc21	SLFGIOIONGJGRT-UHFFFAOYSA-N
NC(CSSCC(N)C(=O)O)C(=O)O	LEVWYRKDKASIDU-UHFFFAOYSA-N
N[C@H](CCS(=O)(=O)O)C(=O)O	VBOQYPQEPHKASR-GSVOUGTGSA-N
N[C@H](CCS(=O)O)C(=O)O	PDNJLMZEGXHSCU-GSVOUGTGSA-N
N[C@@H]1CCSC1=O	KIWQWJKWBHZMDT-GSVOUGTGSA-N
CSCCC(N)C(=O)O	FFEARJCKVFRZRR-UHFFFAOYSA-N
NC(CCS)C(=O)O	FFFHZYDWPBMWHY-UHFFFAOYSA-N
NC(CS(=O)(=O)O)C(=O)O	XVOYSCVBGLVSOL-UHFFFAOYSA-N
NC(CS)C(=O)O	XUJNEKJLAYXESH-UHFFFAOYSA-N
NC(CS(=O)O)C(=O)O	ADVPTQAUNPRNPO-UHFFFAOYSA-N
O=C1CCc2ccc(OCCCCN3CCN(c4cccc(Cl)c4Cl)CC3)cc2N1	CEUORZQYGODEFX-UHFFFAOYSA-N
CCc1c(C(=O)NN2CCCCC2)nn(-c2ccc(Cl)cc2Cl)c1-c1ccc(Br)cc1	HMXDWDSNPRNUKI-UHFFFAOYSA-N
CC(C)C(=O)N(c1ccccc1)C1CC(C)N(C(=O)c2ccccc2)c2ccccc21	FTCWKSGDHXCEMZ-UHFFFAOYSA-N
CCC(=O)N1c2ccccc2C(N(C(C)=O)c2ccccc2)CC1C	DRQJSDYVORTCEY-UHFFFAOYSA-N
OC(c1ccccc1)C1CCN(CCc2ccccc2)CC1	AXNGJCOYCMDPQG-UHFFFAOYSA-N
CN(C)CCON=C(C=Cc1ccc(O)cc1)c1ccccc1F	VAIOZOCLKVMIMN-UHFFFAOYSA-N
NC(=O)c1cccc(-c2cccc(OC(=O)NC3CCCCC3)c2)c1	ROFVXGGUISEHAM-UHFFFAOYSA-N
CN(C)CC(c1ccc(O)cc1)C1(O)CCCCC1	KYYIDSXMWOZKMP-UHFFFAOYSA-N
COc1ccccc1N1CCN(CCN(C(=O)C2CCCCC2)c2ccccn2)CC1	SBPRIAGPYFYCRT-UHFFFAOYSA-N
CCN1CCCC1CNC(=O)c1cc(S(=O)(=O)CC)c(N)cc1OC	NTJOBXMMWNYJFB-UHFFFAOYSA-N
Cc1ncnc(C)c1-c1ccc(Oc2nccc3[nH]ccc23)cc1F	LKTBXWQYZLJCQS-UHFFFAOYSA-N
Cc1cc(Oc2nccc3[nH]ccc23)ccc1-c1c(C)cnn1C	CJNHFMYHZMUVFX-UHFFFAOYSA-N
Cc1cc(Oc2nccc3n[nH]cc23)ccc1-c1c(C)n[nH]c(=O)c1C	PIUUIDSDLRNXHH-UHFFFAOYSA-N
Cc1cc(Oc2nccc3n[nH]cc23)ccc1-c1c(C)ncnc1C	IDIUJOHYYBNCPC-UHFFFAOYSA-N
Cc1n[nH]c(=O)c(C)c1-c1ccc(Oc2nccc3[nH]ccc23)cc1	AXKVXMQBTFXAGJ-UHFFFAOYSA-N
Cc1cc(Oc2nccc3n[nH]cc23)ccc1-c1c(C)c(=O)[nH]c(=O)n1C	XPMQHFCRHLGQEA-UHFFFAOYSA-N
Cc1cc(Oc2nccc3[nH]ccc23)ccc1-c1c(C)cnnc1C	MALHABMOQNARDN-UHFFFAOYSA-N
Cc1cc(Oc2nccc3[nH]ccc23)ccc1-c1c(C)ncc2nccn12	JSXXQQZDLULYBH-UHFFFAOYSA-N
Cc1cc(Oc2nccc3[nH]ccc23)ccc1-c1c(C)ncnc1C#N	AWDPOYJGTNBQTC-UHFFFAOYSA-N
Cc1ncnc(C)c1-c1ccc(Oc2nccc3[nH]ccc23)cc1	RRKNIMHJKPRZOI-UHFFFAOYSA-N
Cc1ncnc(C)c1-c1ccc(Oc2nccc3[nH]ccc23)c(F)c1F	GJTYTYLNEKAWDJ-UHFFFAOYSA-N
Cc1cc(Oc2nccc3[nH]ccc23)ccc1-c1c(C)ncc(=O)n1C	MEPLNFVCJZPSHZ-UHFFFAOYSA-N
Cc1cc(Oc2nccc3[nH]ccc23)ccc1-c1cn[nH]c(=O)c1C	HHOPVIWFAOYGJI-UHFFFAOYSA-N
Cc1cc(Oc2nccc3[nH]ccc23)ccc1-c1cc(=O)[nH]nc1C	TZFUEBAKWXEESX-UHFFFAOYSA-N
Cc1cc(Oc2nccc3n[nH]cc23)ccc1-n1c(C)nc2cnccc21	AKZQNAADLLXBOU-UHFFFAOYSA-N
Cc1ncnc(C#N)c1-c1ccc(Oc2nccc3n[nH]cc23)cc1F	BRIXMPWOMUPMOD-UHFFFAOYSA-N
Cc1cc(Oc2nccc3n[nH]cc23)c(F)cc1-c1c(C)ncnc1C	QHRCQFPLQLUIEV-UHFFFAOYSA-N
[C-]#[N+]c1c[nH]c2ccnc(Oc3ccc(-c4c(C)ncnc4C)c(C)c3)c12	VFOYYAPDHPQYPC-UHFFFAOYSA-N
Cc1n[nH]c(=O)c(C)c1-c1ccc(Oc2nccc3n[nH]c(C)c23)cc1	ZDUQOJFFIZZYNL-UHFFFAOYSA-N
Cc1cc2n[nH]cc2c(Oc2ccc(-c3c(C)n[nH]c(=O)c3C)cc2)n1	LAZPSNDQJDSUCY-UHFFFAOYSA-N
COc1cnc(Oc2ccc(-c3c(C)n[nH]c(=O)c3C)cc2)c2c[nH]nc12	NNOVSELDVWYHRR-UHFFFAOYSA-N
Cc1cc(Oc2ncccc2C2CC2)ccc1-c1c(C)c(=O)[nH]c(=O)n1C	HKUMDHHNJIWXOV-UHFFFAOYSA-N
Cc1cc(Oc2ncc(F)cc2Cl)ccc1-c1c(C)c(=O)[nH]c(=O)n1C	SNBLYOJFYIQKDX-UHFFFAOYSA-N
CCn1c(-c2ccc(Oc3ncccc3Cl)cc2C)c(C)c(=O)[nH]c1=O	QNFMCVIETWMWIC-UHFFFAOYSA-N
Cc1cc(Oc2ncccc2C(F)(F)F)ccc1-c1c(C)c(=O)[nH]c(=O)n1C	AKQXQLUNFKDZBN-UHFFFAOYSA-N
Cc1ccnc(Oc2ccc(-c3c(C)c(=O)[nH]c(=O)n3C)cc2)c1Cl	FQLCXVGWMXWHKT-UHFFFAOYSA-N
Cc1cc(Oc2ncccc2C(F)F)ccc1-c1c(C)n[nH]c(=O)c1C	TUWOXNPAAGERKH-UHFFFAOYSA-N
Cc1cc(Sc2ncccc2Cl)ccc1-c1c(C)c(=O)[nH]c(=O)n1C	UNRHEJKHGKMBNZ-UHFFFAOYSA-N
Cc1c(-c2ccc(Oc3ncccc3C(F)(F)F)c3[nH]ccc23)n(C)c(=O)[nH]c1=O	ZFJDLEQDDNOMPH-UHFFFAOYSA-N
CCc1c(-c2ccc(Oc3ncccc3Cl)cc2)n(C)c(=O)[nH]c1=O	WHKALTOOONYAIQ-UHFFFAOYSA-N
[C-]#[N+]c1c(C)ccnc1Oc1ccc(-c2c(C)c(=O)[nH]c(=O)n2C)c(C)c1	CJJUEDMNCLOEGP-UHFFFAOYSA-N
Cc1cc(Oc2ncc(Cl)cc2C(F)F)ccc1-c1c(C)c(=O)[nH]c(=O)n1C	IBARSPXFLSEGBX-UHFFFAOYSA-N
Cc1cc(Oc2ccccn2)ccc1-c1c(C)c(=O)[nH]c(=O)n1C	JPTZDGVIXWFXFF-UHFFFAOYSA-N
Cc1cc(Oc2ncccc2N2CC(F)C2)ccc1-c1c(C)c(=O)[nH]c(=O)n1C	OMPXDBFZYRZVRB-UHFFFAOYSA-N
COc1cc(Oc2ccc(-c3c(C)c(=O)[nH]c(=O)n3C)c(C)c2)ncc1F	ITNHPONGIMUNBO-UHFFFAOYSA-N
C=C(C)c1cccnc1Oc1ccc(-c2c(C)c(=O)[nH]c(=O)n2C)c(C)c1	JVMQSSLFWZAMND-UHFFFAOYSA-N
Cc1cc(Oc2cc(C3CC3)ccn2)ccc1-c1c(C)c(=O)[nH]c(=O)n1C	HKLDEBNOMBAWRJ-UHFFFAOYSA-N
Cc1cc(Oc2ncccc2C2CC2)ccc1-c1c(C)n[nH]c(=O)c1C	RYNBYOQGSRBPKZ-UHFFFAOYSA-N
CCc1c(-c2ccc(Oc3ncccc3C(F)F)cc2C)n(C)c(=O)[nH]c1=O	CWXYNPWPCSFSPW-UHFFFAOYSA-N
Cc1cc(Oc2nccc(C)c2OC(F)F)ccc1-c1c(C)c(=O)[nH]c(=O)n1C	MLJZPFZPSUEOMD-UHFFFAOYSA-N
Cc1cc(Oc2ncccc2OC(F)(F)F)ccc1-c1c(C)n[nH]c(=O)c1C	GUXWGZYSBYEWPF-UHFFFAOYSA-N
Cc1c(-c2ccc(Oc3ncccc3OC(F)F)cc2)n(C)c(=O)[nH]c1=O	OMWKYRHUGPLHEF-UHFFFAOYSA-N
Cc1c(-c2ccc(Oc3ncccc3C(F)F)cc2C#N)n(C)c(=O)[nH]c1=O	VIQFBPZKOLMRGK-UHFFFAOYSA-N
Cc1cc(Oc2ncccc2C(N)=O)ccc1-c1c(C)n[nH]c(=O)c1C	NVZLTQCXIVYYJH-UHFFFAOYSA-N
COc1ccnc(Oc2ccc(-c3c(C)n[nH]c(=O)c3C)c(C)c2)c1C	AMWVMPZDMQEAGC-UHFFFAOYSA-N
Cc1cc(Oc2nccc(C)c2C(F)(F)F)ccc1-c1c(C)n[nH]c(=O)c1C	QSHYWKPGESDBNE-UHFFFAOYSA-N
Cc1ccnc(Oc2ccc(-c3c(C)n[nH]c(=O)c3C)cc2)c1	WRFNHKAKDQSVFN-UHFFFAOYSA-N
Cc1cc(Oc2ncc(F)cc2C)ccc1-c1c(C)n[nH]c(=O)c1C	PMKLNTYQNPDPHG-UHFFFAOYSA-N
Cc1cc(Oc2ncccc2C2CC2)ccc1-c1c(C)ncc(=O)n1C	GNOKTYDQPLHTGK-UHFFFAOYSA-N
Cc1cc(Oc2ncc(Cl)c(C)c2Cl)ccc1-c1c(C)ncc(=O)n1C	ZMMBEOIWRDXTMH-UHFFFAOYSA-N
Cc1cc(Oc2ncccc2OC(F)F)ccc1-c1c(C)ncc(=O)n1C	IVYPKTLOXADZFD-UHFFFAOYSA-N
Cc1cc(Oc2ncccc2C(F)(F)F)ccc1-c1c(C)cnc(=O)n1C	DYFZGOFCSNGJAB-UHFFFAOYSA-N
Cc1cc(Oc2nccc(C)c2Cl)ccc1-c1c(C)cnc(=O)n1C	SIGMOABZPODTJD-UHFFFAOYSA-N
Cc1cc(Oc2ncccc2C(F)F)ccc1-c1c(C)c(=O)[nH]c(=O)n1C1CC1	IRQUYIIBOAXVDP-UHFFFAOYSA-N
O=C1CCc2ccc(OCCCCN3CCCN(c4cccc(Cl)c4Cl)CC3)nc2N1	JQSRFMXTGAVHIR-UHFFFAOYSA-N
COc1cc2c(cc1OC)CC1c3cc(OC)c(OC)cc3CCN1CC2	FDWCQJQXTYABFS-UHFFFAOYSA-N
COc1cc2c(cc1OC)C1Cc3ccc(OC)c(OC)c3CCN1CC2	FLVNRLZZKCMBOV-UHFFFAOYSA-N
COc1cc2c(cc1O)C1Cc3ccc(OC)c(O)c3CCN1CC2	XKXRGRIEYGPFJV-UHFFFAOYSA-N
Oc1cc2c(cc1O)C1Cc3ccc(O)c(O)c3CCN1CC2	CTNWBZPXZUTRQV-UHFFFAOYSA-N
CS(=O)(=O)c1ccc(-c2cnc(NCc3ccco3)n3cnnc23)cc1	DYIRSNMPIZZNBK-UHFFFAOYSA-N
COc1cc2c(cc1OC)C1Cc3c(OC)ccc(OC)c3CN1CC2	MLYZNZVURPVMPQ-UHFFFAOYSA-N
COc1cc2c(cc1OC)[C@@H]1Cc3cc(OC)c(OC)c(OC)c3CN1CC2	OATNPFCRHKFZPA-KRWDZBQOSA-N
c1c2c(cc3c1OCO3)CN1CCc3cc4c(cc3[C@@H]1C2)OCO4	DEXCWVBNPJKCOQ-HNNXBMFYSA-N
COc1cc2c(cc1OC)[C@@H]1Cc3cc(C)cc(C)c3CN1CC2	BEZZGCHAIFWOPE-IBGZPJMESA-N
COc1cc2c(cc1OC)CN1CCc3cc(O)c(O)cc3C1C2	BTUIZHMEGKWEMO-UHFFFAOYSA-N
COc1c(O)ccc2c1CN1CCc3cc4c(cc3[C@@H]1C2)OCCO4	XTOFAUDOQPKYRI-INIZCTEOSA-N
COc1cc(OC)c2c(c1CO)C[C@H]1c3cc4c(cc3CCN1C2)OCO4	WQKIFVVNHWIOKA-KRWDZBQOSA-N
COc1cc2c(c(OC)c1)CN1CCc3cc4c(cc3[C@@H]1C2)OCO4	IYEFMXWWGFOWHC-KRWDZBQOSA-N
COc1cc2c(c(OC)c1)CN1CCc3cc(OC)c(O)cc3[C@@H]1C2	FRWMMTRZIGEDEP-KRWDZBQOSA-N
Cc1ccc2c(c1)Oc1sc(Cl)cc1C(N1CCN(CC(C)(C)C(=O)O)CC1)=N2	PSYAJOBNPBYKRW-UHFFFAOYSA-N
Cc1cc(Oc2nccc3cccnc23)ccc1-c1c(C)n[nH]c(=O)c1C	OOTAIOGBMSGKTK-UHFFFAOYSA-N
Cc1cc(Oc2nccc3cccnc23)ccc1-c1c(C)ncnc1C	XBHSHJCLCQZKOI-UHFFFAOYSA-N
Cc1c(-c2ccc(Oc3nccc4cccnc34)cc2)n(C)c(=O)[nH]c1=O	UFGBYZHLBMHZGX-UHFFFAOYSA-N
Cc1cc(Oc2nccc3ccc(C#N)cc23)ccc1-c1c(C)n[nH]c(=O)c1C	DASJPWLODOGTCC-UHFFFAOYSA-N
Cc1cc(Oc2nccc3cccc(C#N)c23)ccc1-c1c(C)n[nH]c(=O)c1C	UVNSFRYXGBVTBR-UHFFFAOYSA-N
Cc1cc(Oc2ncnc3occc23)ccc1-c1c(C)ncnc1C	BAFMQXISSSJWTB-UHFFFAOYSA-N
Cc1cc(Oc2nccc3[nH]cnc23)ccc1-c1c(C)ncnc1C	WSMJDTNHHKPQKW-UHFFFAOYSA-N
Cc1cc(Oc2ncnc3occc23)ccc1-c1c(C)ncc(=O)n1C	DYMJXHPEZUPDJI-UHFFFAOYSA-N
Cc1cc(Oc2ncnc3occc23)ccc1-c1c(C)c(=O)[nH]c(=O)n1C	WKTGEBFLHBESDG-UHFFFAOYSA-N
Cc1n[nH]c(=O)c(C)c1-c1ccc(Oc2ncnc3occc23)cc1	VABBXBQQRLJXBV-UHFFFAOYSA-N
Cc1cc(Oc2ncnc3occc23)ccc1-c1cn[nH]c(=O)c1C	WIPXCYLSRPKVSY-UHFFFAOYSA-N
Cc1c(-c2ccc(Oc3nccc4onc(C)c34)cc2)n(C)c(=O)[nH]c1=O	CANYWAHWNTVTOT-UHFFFAOYSA-N
Cc1cc(Oc2nccc3onc(C)c23)ccc1-c1c(C)n[nH]c(=O)c1C	PSBABCDASJNITB-UHFFFAOYSA-N
Cc1cc(Oc2nccc3onc(C)c23)ccc1-c1c(C)ncc(=O)n1C	OBJSNEZOZZZJKP-UHFFFAOYSA-N
CCc1c(-c2ccc(Oc3ncnc4occc34)cc2)n(C)c(=O)[nH]c1=O	WLXKTNRUSCBRJF-UHFFFAOYSA-N
COCCn1c(-c2ccc(Oc3ncnc4occc34)cc2)c(C)c(=O)[nH]c1=O	IMPPVOMQENYRGF-UHFFFAOYSA-N
Cc1c(-c2ccc(Oc3ncnc4occc34)cc2)n(C2CC2)c(=O)[nH]c1=O	UAMZJLVLXLLMPG-UHFFFAOYSA-N
Cc1cc(Oc2nccc3c2CCO3)ccc1-c1c(C)ncnc1C	XLDQGNJHEGIQJD-UHFFFAOYSA-N
CC1(C)c2cccc(P(c3ccccc3)c3ccccc3)c2Oc2c(P(c3ccccc3)c3ccccc3)cccc21	CXNIUSPIQKWYAI-UHFFFAOYSA-N
Cc1nn(C2CCCCO2)c(=O)c(C)c1-c1ccc(Oc2nccc3c2CCN3C(c2ccccc2)(c2ccccc2)c2ccccc2)cc1	DNBZBPBKQSHUKR-UHFFFAOYSA-N
Cc1cc(Oc2nccc3c2CCO3)ccc1-c1c(C)n[nH]c(=O)c1C	WVMBIONLLHQVMO-UHFFFAOYSA-N
COc1ccc(CN2CCc3c(Oc4ccc(-c5c(C)nn(C6CCCCO6)c(=O)c5C)cc4)ncnc32)cc1	XQJNLZJEGQJRRO-UHFFFAOYSA-N
Cc1c(-c2ccc(Oc3nccc4c3CCN4)cc2)n(C)c(=O)[nH]c1=O	VHTXUSXOCGZBMT-UHFFFAOYSA-N
Cc1c(-c2ccc(Oc3nccc4c3CCO4)cc2)n(C)c(=O)[nH]c1=O	QPLJZRMOGQVJOB-UHFFFAOYSA-N
CC1(C)c2cccc(P(c3ccccc3)c3ccccc3)c2Cc2c(P(c3ccccc3)c3ccccc3)cccc21	XPJKWTOMGVDRDJ-UHFFFAOYSA-N
Cc1cc(Oc2nccc3c2CCCN3Cc2ccccc2)ccc1-c1c(C)nn(C2CCCCO2)c(=O)c1C	PDPFKKDCWPHXIB-UHFFFAOYSA-N
Cc1cc(Oc2nccc3c2C(O)CO3)ccc1-c1c(C)n[nH]c(=O)c1C	WGKGACYIXGGVCS-UHFFFAOYSA-N
Cc1ncnc(C)c1-c1ccc(Oc2nccc3c2C(O)CO3)cc1	ZBWWPSISVUMTPP-UHFFFAOYSA-N
Cc1cc(Oc2nccc3c2CCO3)ccc1-c1c(C)ncc2nccn12	KHMWDJLBLWMDFH-UHFFFAOYSA-N
Cc1cc(Oc2ncnc3c2CCN3)ccc1-c1c(C)ncnc1C	NRGROSVUDAECNS-UHFFFAOYSA-N
Cc1cc(Oc2ncnc3c2CCC3)ccc1-c1c(C)ncnc1C	ZBFUNBKLXXAHPC-UHFFFAOYSA-N
Cc1cc(Oc2nccc3c2CCN3)ccc1-c1c(C)ncc(=O)n1C	LQSGJWXXESKKPL-UHFFFAOYSA-N
Cc1c(-c2ccc(Oc3ncnc4c3CCC4)cc2)n(C)c(=O)[nH]c1=O	SYPZYFBKFKOLRA-UHFFFAOYSA-N
Cc1cc(Oc2nccn3cccc23)ccc1-c1c(C)ncc2nccn12	PKHJCJGDHMFRAL-UHFFFAOYSA-N
Cc1cc(Oc2nccn3cccc23)ccc1-c1c(C)ncnc1C	MHGMTSIYVFAIDI-UHFFFAOYSA-N
Cc1cc(Oc2ncnn3cccc23)ccc1-c1c(C)ncnc1C	MTZYWBABDPZKHA-UHFFFAOYSA-N
Cc1ncnc(C)c1-c1ccc(Oc2nccn3nccc23)cc1	UDBMFPGEDFJFMH-UHFFFAOYSA-N
Cc1cnnc(C)c1-c1ccc(Oc2nccn3cccc23)cc1C#N	LQCWJCBIHUVAER-UHFFFAOYSA-N
Cc1ncnc(C)c1-c1ccc(Oc2nccn3nccc23)cc1C#N	RXPKMMBOSJXGCY-UHFFFAOYSA-N
Cc1n[nH]c(=O)c(C)c1-c1ccc(Oc2nccn3cccc23)cc1	KFQHGAVOUUDJEW-UHFFFAOYSA-N
Cc1c(-c2ccc(Oc3nccn4cccc34)cc2)n(C)c(=O)[nH]c1=O	XMCTUDNNUOGRPT-UHFFFAOYSA-N
Cc1cc(Oc2ncnn3cccc23)ccc1-c1c(C)nc2ncccn12	HTJMSQNBHKUFKZ-UHFFFAOYSA-N
Cc1cnnc(C)c1-c1ccc(Oc2ncnn3cccc23)cc1F	IJIFZAXYJAONMW-UHFFFAOYSA-N
COc1cc(Oc2ncnn3cccc23)ccc1-c1cccnc1C	XHSBOYRLQCMZFO-UHFFFAOYSA-N
Cc1ncnc(C)c1-c1cc(F)c(Oc2nccn3cccc23)cc1F	RVJIPBMQTBOWPX-UHFFFAOYSA-N
Cc1ncnc(C)c1-c1cc(F)c(Oc2ncnn3cccc23)cc1F	QBHMJGGJYJBIRL-UHFFFAOYSA-N
Cc1ncnc(C#N)c1-c1ccc(Oc2nccn3cccc23)cc1F	RLCVIVCHJBSVFS-UHFFFAOYSA-N
Cc1ncnc(C)c1-c1ccc(Oc2nccn3cccc23)c(F)c1C	YUICTZNZDJHCDO-UHFFFAOYSA-N
Cc1cc(Oc2ncnn3cccc23)ccc1-c1c(C)ncc(=O)n1C	XVNGYWOAWOZFDF-UHFFFAOYSA-N
Cc1cc(Oc2ccnc3ccnn23)ccc1-c1c(C)ncnc1C	PVFARNGHSPHYRD-UHFFFAOYSA-N
O=C(CN1CN(c2ccc(F)cc2)C2(CCN(C(=O)c3cnc4[nH]ncc4c3)CC2)C1=O)NCC(F)(F)F	MFFNLJJDBHPNPK-UHFFFAOYSA-N
O=C(CN1CN(c2ccc(Cl)c(Cl)c2)C2(CCN(C(=O)c3ccc4[nH]ncc4c3)CC2)C1=O)NCC(F)(F)F	WFSMFTUQBULRQN-UHFFFAOYSA-N
O=C(CN1CN(c2ccccc2)C2(CCN(C(=O)c3ccc4[nH]ncc4c3)CC2)C1=O)Nc1ccccc1	DTDFVCJCQKMAKM-UHFFFAOYSA-N
Nc1n[nH]c2cc(C(=O)N3CCC4(CC3)C(=O)N(CC(=O)NCC(F)(F)F)CN4c3ccccc3)ccc12	VIVYNGHHCGDRHE-UHFFFAOYSA-N
O=C(CN1CN(c2ccccc2)C2(CCN(C(=O)c3ccc4nnnn4c3)CC2)C1=O)NCC(F)(F)F	NESXQYLWGBOEGN-UHFFFAOYSA-N
O=C(CN1CN(c2ccccc2)C2(CCN(C(=O)c3cc4cn[nH]c4cn3)CC2)C1=O)NCC(F)(F)F	VTBIPUIGATVNGY-UHFFFAOYSA-N
O=C(CN1CN(c2ccccc2)C2(CCN(C(=O)c3cn4cncc4cn3)CC2)C1=O)NCC(F)(F)F	JYXYLQMJIUQMKQ-UHFFFAOYSA-N
O=C(CN1CN(c2ccccc2)C2(CCN(C(=O)c3cnc4[nH]ncc4c3)CC2)C1=O)Nc1ccccn1	XLZOLMVQUKURQX-UHFFFAOYSA-N
O=C(CN1CN(c2ccccc2)C2(CCN(C(=O)c3ccc4[nH]nnc4c3)CC2)C1=O)N1CCOCC1	CIRIHZBMUYLFNZ-UHFFFAOYSA-N
CN(CC(F)(F)F)C(=O)CN1CN(c2ccccc2)C2(CCN(C(=O)c3cnc4[nH]ncc4c3)CC2)C1=O	KHAWCGQVTPTPEV-UHFFFAOYSA-N
O=C(c1ccc2[nH]ncc2c1)N1CCC2(CC1)C(=O)N(c1cc(Cl)ccc1F)CN2c1ccccc1	UAZWYZRIFIHGQC-UHFFFAOYSA-N
O=C(c1ccc2[nH]ncc2c1)N1CCC2(CC1)C(=O)N(Cc1nc(C3CC3)no1)CN2c1ccccc1	SCNJPRUXBGWNTB-UHFFFAOYSA-N
Cc1nc(CN2CN(c3ccccc3)C3(CCN(C(=O)c4ccc5[nH]ncc5c4)CC3)C2=O)cs1	DCBIJCAUUCDMMT-UHFFFAOYSA-N
Cc1noc([C@@H]2CNC[C@H]2NC(=O)CN2CN(c3ccccc3)C3(CCN(C(=O)c4ccc5[nH]ncc5c4)CC3)C2=O)n1	HSUAMFYGNWJVOK-ILBGXUMGSA-N
CC1N(CC(=O)NCC(F)(F)F)C(=O)C2(CCN(C(=O)c3ccc4[nH]ncc4c3)CC2)N1c1ccccc1	SUXGZTYFSUWICV-UHFFFAOYSA-N
Cc1oc(C(C)(C)C)nc1CN1CN(c2ccccc2)C2(CCN(C(=O)c3ccc4[nH]ncc4c3)CC2)C1=O	AHTIPVCWOOAWGC-UHFFFAOYSA-N
O=C(CN1CN(c2ccccc2)C2(CCN(C(=O)c3cnc4[nH]ncc4c3)CC2)C1=O)N1CCC(C(F)(F)F)C1	REAGUYYHFGPZCI-UHFFFAOYSA-N
CCn1ccc(N2CN(c3ccccc3)C3(CCN(C(=O)c4ccc5[nH]ncc5c4)CC3)C2=O)n1	ZPEWHBDHYHOYAR-UHFFFAOYSA-N
Cc1cc(N2CN(c3ccccc3)C3(CCN(C(=O)c4ccc5[nH]ncc5c4)CC3)C2=O)n(C)n1	ZAMREIHDLZYAFN-UHFFFAOYSA-N
N#CC1CCN(C(=O)CN2CN(c3ccccc3)C3(CCN(C(=O)c4ccc5[nH]ncc5c4)CC3)C2=O)C1	SDOMGHNXSMDPGR-UHFFFAOYSA-N
COC[C@H]1CCCN1C(=O)CN1CN(c2ccccc2)C2(CCN(C(=O)c3ccc4[nH]ncc4c3)CC2)C1=O	ZQJVDKODUAHTJI-XMMPIXPASA-N
O=C(c1cnc2[nH]ncc2c1)N1CCC2(CC1)C(=O)N(C1CCN(c3ccccc3)C1=O)CN2c1ccccc1	MGKDUWFEPDLKNZ-UHFFFAOYSA-N
O=C(c1cnc2[nH]ncc2c1)N1CCC2(CC1)C(=O)N(CC(=O)N1CCCC13COC3)CN2c1ccccc1	RGXNWUOSSLHAMP-UHFFFAOYSA-N
O=C(c1cnc2[nH]ncc2c1)N1CCC2(CC1)C(=O)N(c1cccc(C(F)(F)F)c1)CN2c1ccccc1	GTZFCAMPKNZAAV-UHFFFAOYSA-N
Cc1ccc(N2CN(c3ccccc3)C3(CCN(C(=O)c4cnc5[nH]ncc5c4)CC3)C2=O)c(F)c1	BWRYOAQIMDBURA-UHFFFAOYSA-N
CC(C)(C)OC(=O)N1CC[C@H](NC(=O)CN2CN(c3ccccc3)C3(CCN(C(=O)c4cnc5[nH]ncc5c4)CC3)C2=O)C1	FOWPPHKUFWRWQD-QHCPKHFHSA-N
CC(C(=O)NCC(F)(F)F)N1CN(c2ccccc2)C2(CCN(C(=O)c3ccc4[nH]ncc4c3)CC2)C1=O	FLPLUQYHAQLLOY-UHFFFAOYSA-N
Cc1cccc(CN2CN(c3ccccc3)C3(CCN(C(=O)c4cnc5[nH]ncc5c4)CC3)C2=O)n1	YRXCHCWQVMQAKG-UHFFFAOYSA-N
CN1CCN(Cc2cccc([C@H]3C[C@@H]3NC(=O)CN3CN(c4ccccc4)C4(CCN(C(=O)c5cnc6[nH]ncc6c5)CC4)C3=O)c2)CC1	YAYXNDDVBWDAHB-ZWXJPIIXSA-N
CN1CCN(C(=O)CN2CN(c3ccccc3)C3(CCN(C(=O)c4cnc5[nH]ncc5c4)CC3)C2=O)CC1(C)C	ZBAPBONCBJSTRM-UHFFFAOYSA-N
O=C(CN1CN(c2ccccc2)C2(CCN(C(=O)c3ccc4[nH]ncc4n3)CC2)C1=O)N1CCO[C@@H](C(F)(F)F)C1	REKPKQSBXOYNGI-JOCHJYFZSA-N
CC(C)(C)OC(=O)N1CCN(C(=O)CN2CN(c3ccccc3)C3(CCN(C(=O)c4ccc5[nH]ncc5c4)CC3)C2=O)C[C@@H]1C(F)(F)F	MXJKKURRUZSVPI-AREMUKBSSA-N
CN(C)CCN(CC(F)(F)F)C(=O)CN1CN(c2ccccc2)C2(CCN(C(=O)c3ccc4[nH]ncc4c3)CC2)C1=O	UKRJOFUVKHRCMD-UHFFFAOYSA-N
COC(=O)[C@@H]1CC(F)(F)CN1C(=O)CN1CN(c2ccccc2)C2(CCN(C(=O)c3cnc4[nH]ncc4c3)CC2)C1=O	HFQACMCWJYLKKX-NRFANRHFSA-N
C[C@H]1c2cccc(-c3cnn(C)c3)c2C[C@H](CO)N1C(=O)Cc1c(Cl)cccc1Cl	MJDOWJUPBHLXIH-GOEBONIOSA-N
C[C@H]1c2cccc(-c3cnn(C4COC4)c3)c2C[C@H](CO)N1C(=O)Cc1c(F)cccc1Cl	JCOKDNBVBBNBIO-DOTOQJQBSA-N
C[C@H]1c2cccc(-c3cn[nH]c3)c2C[C@H](CO)N1C(=O)Cc1c(F)cccc1Cl	PTEZDJQSDSRVQJ-DZGCQCFKSA-N
CCCN1CCC[C@@H]2Cc3c(ccc(O)c3O)C[C@H]21	HZPDHOOVQQYBJP-TZMCWYRMSA-N
CCCN1CCC[C@@H]2CC3=C(CCCC3=O)C[C@H]21	QLIKRYHBUISCTR-UKRRQHHQSA-N
CCCN1CCC[C@@H]2Cc3c(ccc4c3OCO4)C[C@H]21	DKFJCEPDDQVHLK-UKRRQHHQSA-N
CCCN1CCC[C@@H]2Cc3c(ccc(O)c3O[C@@H]3O[C@H](C(=O)O)[C@@H](O)[C@H](O)[C@H]3O)C[C@H]21	UAFMEIHFRQARQG-VFUBLZDWSA-N
CCCN1CCC[C@@H]2Cc3c(ccc(O)c3CS(=O)(=O)O)C[C@H]21	NJUIDLWIEOOBHO-CZUORRHYSA-N
Cc1cc(Oc2nccc(C)c2C#N)ccc1-c1c(C)c(=O)[nH]c(=O)n1C	DBMJQIMENXMEID-UHFFFAOYSA-N
CCCc1cc2c(s1)CN[C@@H]1CCc3cc(O)c(O)cc3[C@@H]21	REHAKLRYABHSQJ-KDOFPFPSSA-N
Cc1cnc2c(c1)[C@@H]1c3cc(O)c(O)cc3CC[C@H]1NC2	OTRPXYDXEWMYIL-DYVFJYSZSA-N
Oc1cc2c(cc1O)[C@H]1c3cc4c(nc3CN[C@@H]1CC2)CCCC4	BDRPLVMDSVQGDO-UZLBHIALSA-N
Oc1cc2c(cc1O)[C@H]1c3ccc(F)nc3CN[C@@H]1CC2	UVPIZMCLGBXZAJ-BDJLRTHQSA-N
Oc1cc2c(cc1O)[C@H]1c3cnccc3CN[C@@H]1CC2	WYHAAMMHWQPLAP-CJNGLKHVSA-N
CCCCc1cnc2c(c1)[C@@H]1c3cc(O)c(O)cc3CC[C@H]1NC2	LEWWBJBGGUZKQX-UZLBHIALSA-N
Cc1cncc2c1CN[C@@H]1CCc3cc(O)c(O)cc3[C@@H]21	AUENKTRXUKDSTC-PBHICJAKSA-N
Oc1cc2c(cc1O)[C@H]1c3ccccc3CN[C@@H]1CC2	BGOQGUHWXBGXJW-RHSMWYFYSA-N
NC[C@@H]1OC(CCc2ccccc2)Cc2c1ccc(O)c2O	KIARRRIAGXQGBT-RUINGEJQSA-N
NC[C@@H]1O[C@H](c2ccccc2)Cc2c1ccc(O)c2O	SUHGRZPINGKYNV-GJZGRUSLSA-N
Oc1ccc2c(c1O)CC(C1CCCCC1)O[C@H]2CNCc1ccccc1	CDEXVBIHAFJWIQ-KEKNWZKVSA-N
CC[C@H]1Cc2c(ccc(O)c2O)[C@H](CN)O1	YNUUJSAVGPCWBG-CPCISQLKSA-N
NC[C@@H]1OC(C(c2ccccc2)c2ccccc2)Cc2c1ccc(O)c2O	ILWGLMLPVXFDGW-LBAQZLPGSA-N
C#CCN(C)C[C@@H]1OC(C2CCCCC2)Cc2c1ccc(O)c2O	ORJBNDRHLGFVFW-GGYWPGCISA-N
OCCCNC[C@@H]1OC(C2CCCCC2)Cc2c1ccc(O)c2O	CUYXSVNDDNBRBL-ZVAWYAOSSA-N
NC[C@@H]1OC2(CCCCC2)Cc2c1ccc(O)c2O	MWZPAYJAPPEPRS-ZDUSSCGKSA-N
NC[C@@H]1OC(C23C[C@H]4C[C@@H](C2)C[C@@H](C3)C4)Cc2c1ccc(O)c2O	QLJOSZATCBCBDR-UAKDSABFSA-N
NC[C@@H]1OCCc2c1ccc(O)c2O	JBSRTZUQAXYSQB-VIFPVBQESA-N
C#CCC1Cc2c(ccc(O)c2O)[C@H](CN)O1	LWUHQVZWIKZZFZ-MYIOLCAUSA-N
Oc1ccc2c(c1O)CC(C1CCCCC1)O[C@H]2CNC1CC1	JMLFTEUVKWTNSN-ZVAWYAOSSA-N
NC[C@@H]1OC(COc2ccccc2)Cc2c1ccc(O)c2O	KOHDNXKBNHHXKQ-INSVYWFGSA-N
COc1ccc(CC2Cc3c(ccc(O)c3O)[C@H](CN)O2)cc1	XSPPZAPYKHJYHP-RUINGEJQSA-N
CC(C)(C)C1Cc2c(ccc(O)c2O)[C@H](CN)O1	OOZQGBSETLAPCT-PXYINDEMSA-N
NC[C@@H]1OC(CC2CCCC2)Cc2c1ccc(O)c2O	LRRXEOSYJLVRAV-MHTVFEQDSA-N
CN(C)C1C=CC2(CC1)c1ccccc1C=Cc1ccc(Cl)cc12	FZXSXMYFIZKXPT-UHFFFAOYSA-N
CN(C)C1C=CC2(CC1)c1ccccc1CCc1ccc(Cl)cc12	QPNVVIACYJVUOX-UHFFFAOYSA-N
CN1CCc2cc(I)c(O)cc2[C@H](c2ccc(N=[N+]=[N-])cc2)C1	LMFAFFIRCNUJJO-HNNXBMFYSA-N
CN1CCc2cc(Cl)c(O)cc2[C@H]1c1ccccc1	AVXGCGYACIYZAR-MRXNPFEDSA-N
Oc1cc2c(cc1Cl)CCN[C@H]2c1ccccc1	VXQGSKLYCJFAKI-HNNXBMFYSA-N
CN1CCc2cc(Cl)c(O)cc2[C@@H]1Cc1ccccc1	JHDHNKDQVCVUJN-INIZCTEOSA-N
Oc1cc2c(cc1Cl)CNC[C@H]2c1ccccc1	MGAQDUSMABIJCH-ZDUSSCGKSA-N
CCCN(CCc1ccc(C)cc1)[C@H]1CCc2c(O)cccc2C1	OGGBZQYMCSUKHZ-FQEVSTJZSA-N
CCCN(CCc1ccc(Nc2ccc([N+](=O)[O-])c3n[o+][n-]c23)cc1)C1CCc2c(O)cccc2C1	GAJLCVIQCPUCOK-UHFFFAOYSA-N
NC1CCc2cc(O)c(O)cc2[C@H]1c1ccccc1	RMBSJLJLHHNREK-FQNRMIAFSA-N
CC(C)Oc1ccccc1N1CCN(Cc2cccc(C(=O)N3CCCCC3)c2)CC1	ZKZFPRUSWCYSGT-UHFFFAOYSA-N
C[C@@H]1Cc2ccc3c(c2O1)-c1cccc2c1[C@@H](C3)N(C)CC2	MSFBLSXHRFJARJ-SJKOYZFVSA-N
CN1CCN2c3c(cccc31)[C@@H]1C[NH+](CCCC(=O)c3ccc(F)cc3)CC[C@@H]12.Cc1ccc(S(=O)(=O)[O-])cc1	LHAPOGAFBLSJJQ-GUTACTQSSA-N
O=C(CCCN1CC[C@H]2[C@@H](C1)c1cccc3c1N2CCN3)c1ccc(F)cc1	WPJSNLWFVMFFSG-FPOVZHCZSA-N
COc1cc(NC(=O)C2CC2)c(Cl)cc1C(=O)N[C@H]1CCN(Cc2ccccc2)C1	CPVZPPFHQBIJNB-KRWDZBQOSA-N
CN1CCN(C2=Nc3cc(Cl)ccc3Nc3ccccc32)CC1	QZUDBNBUXVUHMW-UHFFFAOYSA-N
CN1CCc2ccccc2Cc2[nH]c3ccccc3c2CC1	YEWGIGCYIAMFMA-UHFFFAOYSA-N
Fc1ccc(CCCCN2CCN(c3ccc(Cl)cc3)CC2)cc1	ARWONURFSGKTJW-UHFFFAOYSA-N
Fc1ccc(SCCCN2CCN(c3ccc(Cl)cc3)CC2)cc1	QEVFANOTWOZMFN-UHFFFAOYSA-N
Fc1ccc(OCCCN2CCN(c3ccc(Cl)cc3)CC2)cc1	TYJIKVPYZAVEMZ-UHFFFAOYSA-N
Fc1ccc(OCCCN2CCC(c3ccc(Cl)cc3)CC2)cc1	OPXIAQIQFMLKDK-UHFFFAOYSA-N
O=C1c2ccc(F)cc2CC1CCN1CCN(c2ccc(Cl)cc2)CC1	JLUQWCZYPJKNMK-UHFFFAOYSA-N
Fc1ccc2c(c1)CC(CCN1CCN(c3ccc(Cl)cc3)CC1)C2	XASUAOWUPBWGMW-UHFFFAOYSA-N
Fc1ccc(CCCCN2CCN(c3ccccn3)CC2)cc1	NSMCYUMPIGJKHV-UHFFFAOYSA-N
Fc1ccc(SCCCN2CCN(c3ccccn3)CC2)cc1	IESJRUUOIHDONG-UHFFFAOYSA-N
FC(F)(F)c1ccc(OCCCN2CCN(c3ccccn3)CC2)cc1	APDUBUJHUYQKMX-UHFFFAOYSA-N
Cc1ccc(N2CCN(CCCOc3ccc(F)cc3)CC2)nc1	VFOLOUVNAQBRDB-UHFFFAOYSA-N
Fc1ccc(OCCCN2CCN(c3ncccn3)CC2)cc1	FGFQEEFTBWHCLW-UHFFFAOYSA-N
Clc1ccc(N2CCN(CCCCc3nc4ccccc4s3)CC2)cc1	SCUPEGWTGGLXHI-UHFFFAOYSA-N
Clc1ccc(N2CCN(CCCCCc3nc4ccccc4o3)CC2)cc1	RTLWHVNMZFCSDU-UHFFFAOYSA-N
Clc1ccc(N2CCN(CCCc3cc4ccccc4o3)CC2)cc1	BPHVHUHFXREQBY-UHFFFAOYSA-N
O=S(=O)(NCCCCN1CCC(c2noc3cc(F)ccc23)CC1)c1cc2ccccc2s1	GXZWKZAOGQRNTL-UHFFFAOYSA-N
O/N=C/c1cnn2ccc(OCCCCN3CCN(c4cccc(Cl)c4Cl)CC3)cc12	DWMNREQVNSYYID-WGOQTCKBSA-N
O/N=C/c1cc2cc(OCCCCN3CCN(c4cccc(Cl)c4Cl)CC3)ccn2n1	VMDJSIGZJOXSGC-PCLIKHOPSA-N
N#Cc1cc2cc(OCCCCN3CCN(c4cccc(Cl)c4Cl)CC3)ccn2n1	TXMVXDBYJCUQJD-UHFFFAOYSA-N
CCCN1CCC[C@@H]2Cc3n[nH]cc3C[C@H]21	FTSUPYGMFAPCFZ-ZWNOBZJWSA-N
CN(C)C(=O)N[C@H]1CC[C@H](CCN2CCN(c3cccc(Cl)c3Cl)CC2)CC1	KPWSJANDNDDRMB-QAQDUYKDSA-N
CCOC(=O)c1cc2cc(OCCCCN3CCN(c4cccc(Cl)c4Cl)CC3)ccn2n1	HXHZPLKJASKRCI-UHFFFAOYSA-N
O=C(NCCCCN1CCN(c2cccc(Cl)c2Cl)CC1)c1ccc2c(c1)-c1ccccc1-2	JUXYQVLOCMVIJF-UHFFFAOYSA-N
CCCc1ccc2c(n1)CN[C@@H]1CCc3cc(O)c(O)cc3[C@@H]21	KBXQAHKIUBTDCL-DNVCBOLYSA-N
Cc1cc2c(nc1C)CN[C@@H]1CCc3cc(O)c(O)cc3[C@@H]21	QSFCVDVZBPPRDF-KDOFPFPSSA-N
COc1ccc2c(n1)CN[C@@H]1CCc3cc(O)c(O)cc3[C@@H]21	IBBZFQYJQGDOGF-SJKOYZFVSA-N
Oc1cc2c(cc1O)[C@H]1c3cccnc3CN[C@@H]1CC2	ZFSVGJPKLUWVIK-MLGOLLRUSA-N
COc1ccccc1N1CCC(CNCC2COc3ccc(Cl)cc3O2)CC1	QHLRKDSRGUZHSH-UHFFFAOYSA-N
Oc1ccc2c(c1O)C[C@@H](c1ccccc1)[C@@H]1CCNC[C@@H]21	FKYWSGYMKJUZEP-ZOBUZTSGSA-N
CCCN1CCc2cccc3c2[C@H]1Cc1cccc(OC(=O)NCc2ccccc2)c1-3	KLYJLIQACDTALL-HSZRJFAPSA-N
Oc1cc2c(cc1O)C1c3ccccc3CNC1CO2	QDUNOUQOKOYLCH-UHFFFAOYSA-N
CCCCCCCCCCCCCCCC(=O)N[C@H](C(=O)N[C@H](C(=O)N[C@@H](CC(C)C)C(=O)N1CCC[C@H]1C(=O)N[C@@H](CC(C)C)C(=O)N[C@@H](Cc1c[nH]c2ccccc12)C(=O)N[C@@H](C)C(=O)N[C@H](C(=O)N[C@@H](Cc1ccc(O)cc1)C(=O)N[C@H](C(=O)N[C@@H](Cc1ccc(O)cc1)C(=O)N[C@@H](CCCNC(=N)N)C(N)=O)[C@@H](C)O)[C@@H](C)O)[C@@H](C)O)C(C)C	DYIMTVFKTDCCMM-XNNVEVGKSA-N
COc1cc2c(cc1O)[C@@H]1Cc3sccc3CN1CC2	FJUALPUCFNOCDA-ZDUSSCGKSA-N
CCc1cc2c(s1)C[C@H]1c3cc(O)c(OC)cc3CCN1C2	WCXYNCOEJKTKIB-HNNXBMFYSA-N
Cc1sc(C)c2c1CCCc1c[nH]nc1-2	YZKGQHRABFMYLD-UHFFFAOYSA-N
COc1cc(N)c(Cl)cc1C(=O)NC[C@@H]1CCN2CCC[C@@H]12	GAYSOZKZPOVDSB-HZMBPMFUSA-N
c1ccc(Cc2ccccc2OCCCN2CCCC2)cc1	SECXHJRGBAZUCO-UHFFFAOYSA-N
O=C(c1ccccc1)c1ccccc1OCCN1CCCC1	CYPFZEOONAAFRZ-UHFFFAOYSA-N
CN1CCOc2cc(O)ccc2Cc2ccccc2CC1	XVDINFILZLZVNV-UHFFFAOYSA-N
OC(c1ccccc1)c1ccccc1OCCN1CCCC1	MSRMAGLOYWBNOO-UHFFFAOYSA-N
CC1CN(CCOc2ccccc2Cc2ccccc2)CCO1	KNAMIYDBEIAANZ-UHFFFAOYSA-N
c1ccc(Cc2ccccc2OCCN2CCOCC2)cc1	DQESEABEPUDVEZ-UHFFFAOYSA-N
COc1ccc2c(c1)OCCN(C)CCc1ccccc1C2	QIMZPHYIPMOZHG-UHFFFAOYSA-N
CCN(CC)CCOc1ccccc1Cc1ccccc1	BPXIOWINQPQVOY-UHFFFAOYSA-N
c1ccc(Cc2ccccc2NCCN2CCCC2)cc1	KMSBBZPJDRRRGH-UHFFFAOYSA-N
OC1(c2ccc(Cl)cc2)CCN(CCCCc2ccc(F)cc2)CC1	ZTBBOIYRZHAFIN-UHFFFAOYSA-N
OC1(c2ccc(Cl)cc2)CCN(CCCOc2ccc(F)cc2)CC1	JPTSMZMSIACDAD-UHFFFAOYSA-N
OC1(c2ccc(Cl)cc2)CCN(CCCSc2ccc(F)cc2)CC1	FGTGRXMIFIZGBG-UHFFFAOYSA-N
OC1(c2ccc(Cl)cc2)CC2CCC(C1)N2CCCCc1ccc(F)cc1	SFPSQBFPUCFLEZ-UHFFFAOYSA-N
OC1(c2ccc(Cl)cc2)CC2CCC(C1)N2CCCSc1ccc(F)cc1	MPWWGTFDWDZHRM-UHFFFAOYSA-N
Cc1cc2c(s1)Nc1ccccc1N=C2N1CCN(C)CC1	KVWDHTXUZHCGIO-UHFFFAOYSA-N
COc1cc2c3c(c1OCc1ccc(Br)cc1)-c1cc4c(cc1CC3N(C)CC2)OCO4	AJIMVLSQIMXLNV-UHFFFAOYSA-N
CN(C)C[C@@H]1CC2c3ccccc3Sc3ccc(F)cc3[C@H]2O1	BSOLCASXROXPRZ-SHZHJNINSA-N
CN(C)C[C@H]1CC2c3ccccc3Cc3ccccc3[C@H]2O1	ACTVOFFLDWZANE-ZNCRQWOUSA-N
CN(C)C[C@@H]1CC2c3ccccc3Oc3ccc(Cl)cc3[C@H]2O1	RHPCETHLGGFAQB-SHZHJNINSA-N
NC(=O)c1ccccc1OCCCN1CCN(c2cccc3c2ccn3S(=O)(=O)c2ccccc2)CC1	KWZBJWOQFABHPF-UHFFFAOYSA-N
CCOc1nc(NC(=O)C(C)(C)NC(=O)c2ccc3c(C4CCCC4)c(-c4ccc(F)cn4)n(C)c3c2)ccc1/C=C/C(=O)O	HOFWSEVNXPHVMC-SFQUDFHCSA-N
Cn1c(-c2ccccn2)c(C2CCCC2)c2ccc(C(=O)NC3(C(=O)Nc4ccc(/C=C/C(=O)O)cc4)CCC3)cc21	JBSNALXXNTWUEC-SFQUDFHCSA-N
Cc1cc(OCCN(C)C)nc2ccc(NC(=O)COc3ccc(Cl)cc3Cl)cc12	GKDBTHSYQZTDAJ-UHFFFAOYSA-N
Cc1cc(N(C)CCN(C)C)nc2ccc(NC(=O)/C=C/c3ccc(OC(F)(F)F)cc3)cc12	RVSLLQIPFFIMSB-KPKJPENVSA-N
COc1ccc(NC(=O)N2CCN(c3ccc(C(F)(F)F)cc3)CC2)cc1N1CCN(C)CC1	DZKYLEMMURXALW-UHFFFAOYSA-N
COc1ccc(NC(=O)N2CCN(c3ccccc3F)CC2)cc1N1CCN(C)CC1	PGAUZNVGTNAJSV-UHFFFAOYSA-N
COc1ccc(NC(=O)c2ccc(-c3ccc(-c4noc(C)n4)cc3C)cc2)cc1N1CCN(C)CC1	YDBCEBYHYKAFRX-UHFFFAOYSA-N
COc1ccccc1N1CCC(C(=O)Nc2ccc(OC)c(N3CCN(C)CC3)c2)CC1	SYERHDJULLPKRY-UHFFFAOYSA-N
Cc1ccc(-c2cc3[nH]c(=O)n(CCN4CCN(c5ccccc5Cl)CC4)c(=O)c3[nH]2)cc1	DSHAQKQNBSNNEJ-UHFFFAOYSA-N
O=c1[nH]c2[nH]c(-c3ccccc3)cc2c(=O)n1CCN1CCN(c2ccccc2Cl)CC1	RCUUBRFHZZUGFH-UHFFFAOYSA-N
CC(C)(C)c1nc(N2CCN(CCCCN3C(=O)CCC(=O)c4ccccc43)CC2)cc(C(F)(F)F)n1	FKHBHNWGBJHKGW-UHFFFAOYSA-N
COc1ccc2cccc(N3CCN(CCCCn4ncc(=O)n(C)c4=O)CC3)c2c1	GKTQBPYMIGXPKG-UHFFFAOYSA-N
CCCC[C@H](NC(=O)CCCCCNC(=O)[C@H]1CC[C@@H]2c3[nH]c4ccccc4c3CCN2C1)C(=O)N[C@@H](Cc1ccc(F)cc1)C(=O)N[C@@H](CCCCN)C(N)=O	KEGYOUUWACRVPZ-LWFXZEMVSA-N
CCCC[C@H](NC(=O)[C@H]1CC[C@@H]2c3[nH]c4ccccc4c3CCN2C1)C(=O)N[C@@H](Cc1c[nH]c2ccccc12)C(=O)N[C@@H](CCCCN)C(N)=O	BUSZPEZABSAFAL-YWNCIPKLSA-N
CCCC[C@H](NC(=O)CCCCCNC(=O)[C@H]1CC[C@@H]2c3[nH]c4ccccc4c3CCN2C1)C(=O)N[C@@H](Cc1c[nH]c2ccccc12)C(=O)N1C[C@@H](N)C[C@H]1C(N)=O	MWJBXTLFRLDENI-MYLNZVDJSA-N
CCCC[C@H](NC(=O)[C@H]1CC[C@H]2c3[nH]c4ccccc4c3CCN2C1)C(=O)N[C@@H](Cc1ccc(F)cc1)C(=O)N1C[C@@H](N)C[C@H]1C(N)=O	HNQHMECPKRTTRV-IEJKQUADSA-N
C#CC1=CC[C@H](N(CCC)CCCCNC(=O)c2ccc(-c3ccccc3)cc2)CC1	PWZPBZQTTHOCIS-MHZLTWQESA-N
C#CC1=CC[C@@H](N(CCC)CCCCNC(=O)c2ccc(OCCCc3cn(CCCC)nn3)c(OC)c2)CO1	XPMUUENUQYZASR-HHHXNRCGSA-N
CCCCn1cc(CCCOc2ccc(C(=O)NCCCCN(CCC)CCc3ccc(O)c4[nH]c(=O)ccc34)cc2OC)nn1	BOUDGQUEAMMTAE-UHFFFAOYSA-N
CCCCn1cc(CCCOc2ccc(C(=O)NCCCCN(CCC)[C@@H]3CCc4c(O)cccc4C3)cc2OC)nn1	OVKBSFKFSBQCLW-GDLZYMKVSA-N
COc1ccc2c(c1)CCN(C)CCc1cc(OC)ccc1C2	WZWHLVAXFSORKE-UHFFFAOYSA-N
CN1CCc2ccccc2Cc2cc(O)c(Cl)cc2CC1	NVVFACNDFFNYNI-UHFFFAOYSA-N
COc1cccc2c1Cc1ccccc1CCN(C)CC2	REBWRBLHMGDWNT-UHFFFAOYSA-N
CN1CCc2cc(O)ccc2Cc2ccc(O)cc2CC1	SBKJMNCSBLEGCS-UHFFFAOYSA-N
CN1CCc2ccccc2Cc2c(O)cccc2CC1	YAOWMUKUYWGVDH-UHFFFAOYSA-N
CN1CCc2ccccc2Cc2cc(N)c(O)cc2CC1	MUNUWDYLOYQPCC-UHFFFAOYSA-N
CN1CCc2ccccc2Cc2ccc(O)c(Cl)c2CC1	KRGBBAYNHOEQOO-UHFFFAOYSA-N
COc1c(Cl)cc2c(c1Cl)Cc1ccccc1CCN(C)CC2	MYFHADFSNRZMLH-UHFFFAOYSA-N
CN1CCc2ccccc2Cc2cc(Cl)c(O)c(Cl)c2CC1	WPJVKYVAARSXKN-UHFFFAOYSA-N
COc1cc2c(cc1O)C[C@H]1c3c(cc(OC)c(OC)c3-2)CCN1C	ZFLRVRLYWHNAEC-AWEZNQCLSA-N
COc1nc(NCCCN2CCOCC2)nc(OC)c1NC(=O)c1ccc(Oc2cc3c(cc2C)CCC3(C)C)o1	IGTBNUVMBDYPQG-UHFFFAOYSA-N
COc1ccccc1N1CCN(CCCCNC(=O)c2cc3c4ccc(c3o2)CCc2ccc(cc2)CC4)CC1	FNHANZYICZUWQM-UHFFFAOYSA-N
COc1c(Cl)cccc1N1CCN(CCCCNC(=O)c2cc3ccc2CCc2ccc(cc2)CC3)CC1	OWMILJDHSTVDQS-UHFFFAOYSA-N
O=C(NCCCCN1CCN(c2cccc(F)c2F)CC1)c1cc2ccc1CCc1ccc(cc1)CC2	DHFUVVTYPXJZAP-UHFFFAOYSA-N
COc1ccccc1N1CCN(CCCCNC(=O)c2ccc3ccccc3c2)CC1	MNHDKMDLOJSCGN-UHFFFAOYSA-N
COc1cccc(C(=O)NN2c3ccc(Cl)cc3N=C(N3CCN(C)CC3)c3cc(Cl)ccc32)c1	RVACPGPYDAFYTB-UHFFFAOYSA-N
COc1cc(C(=O)NN2c3ccccc3N=C(N3CCN(C)CC3)c3cc(Cl)ccc32)cc(OC)c1OC	GBUIXGKLAPQZFJ-UHFFFAOYSA-N
CN1CCN(C2=Nc3ccccc3N(NC(=O)c3cc(F)ccc3C(F)(F)F)c3ccc(Cl)cc32)CC1	KRULJODHDPRKER-UHFFFAOYSA-N
CN1CCN(C2=Nc3cc(Cl)ccc3N(NC(=O)c3cccc(C#N)c3)c3ccccc32)CC1	KFJWHJLUTALKOZ-UHFFFAOYSA-N
CN1CCN(C2=Nc3ccccc3N(NC(=O)c3ccc4c(c3)OCO4)c3ccc(Cl)cc32)CC1	PWZNZURJFBVUCP-UHFFFAOYSA-N
Clc1ccc2c(c1)N=C(N1CCN(Cc3ccc4c(c3)OCCO4)CC1)c1ccccc1N2	YNYGWSSJOCRJGL-UHFFFAOYSA-N
CCN1CCN(C2=Nc3cc(Cl)ccc3N(NC(=O)c3ccccc3Cl)c3ccccc32)CC1	WXQFNASFTKDHTC-UHFFFAOYSA-N
CN1CCN(C2=Nc3cc(Cl)ccc3N(C(=O)Nc3cc(Cl)cc(Cl)c3)c3ccccc32)CC1	XVHMGSVEPAPMBT-UHFFFAOYSA-N
Cc1ccc(S(=O)(=O)N2c3ccc(Cl)cc3N=C(N3CCN(C)CC3)c3ccccc32)cc1	HMARDJDFKPIBGI-UHFFFAOYSA-N
Clc1ccc2c(c1)N=C(N1CCN(Cc3cccc4c3OCO4)CC1)c1ccccc1N2	NFKQELYFWQDRFN-UHFFFAOYSA-N
CN1CCN(C2=Nc3cc(Cl)ccc3N(NC(=O)c3cc(F)c(F)c(F)c3F)c3ccc(Cl)cc32)CC1	XODYFOOKKAGIOI-UHFFFAOYSA-N
COc1ccccc1C(=O)NN1c2ccc(Cl)cc2N=C(N2CCN(C)CC2)c2ccccc21	HRMBIDRBEARFLN-UHFFFAOYSA-N
Fc1ccc(CN2CCN(C3=Nc4cc(Cl)ccc4Nc4ccccc43)CC2)c(F)c1	IOUMPQDJIZFQOW-UHFFFAOYSA-N
Cc1ccccc1C(=O)N1c2ccc(Cl)cc2N=C(N2CCN(C)CC2)c2ccccc21	NCXICMCRAZHQIK-UHFFFAOYSA-N
COc1ccccc1CNN1c2ccc(Cl)cc2N=C(N2CCN(C)CC2)c2ccccc21	METGQDKTGGXZGK-UHFFFAOYSA-N
O=C(NN1c2ccc(Cl)cc2N=C(N2CCN(Cc3cccc4c3OC(F)(F)O4)CC2)c2ccccc21)c1ccccc1Cl	MCISFZLVURUIGO-UHFFFAOYSA-N
CN1CCN(C2=Nc3ccccc3N(NC(=O)c3ccccc3I)c3ccc(Cl)cc32)CC1	LSBNVDGHJXSXAB-UHFFFAOYSA-N
O=C(NN1c2ccc(Cl)cc2N=C(N2CCN(Cc3cccc(OC(F)(F)F)c3)CC2)c2ccccc21)c1ccccc1Cl	QECFHDSLXZOCHC-UHFFFAOYSA-N
FC(F)(F)Oc1cccc(CN2CCN(C3=Nc4cc(Cl)ccc4Nc4ccccc43)CC2)c1	YUCDETMUXOUYBI-UHFFFAOYSA-N
CN1CCN(C2=Nc3cc(Cl)ccc3N(NC(=O)c3ccc(C(F)(F)F)cc3)c3ccccc32)CC1	FWLGZKNBTCYEHG-UHFFFAOYSA-N
CN1CCN(C2=Nc3cc(Cl)ccc3N(NC(=O)c3ccco3)c3ccccc32)CC1	KMKVUNHZQJHDJG-UHFFFAOYSA-N
CN1CCN(C2=Nc3cc(Cl)ccc3N(NC(=O)CCC3CCCC3)c3ccccc32)CC1	HINWGODKQABLIJ-UHFFFAOYSA-N
CN1CCN(C2=Nc3cc(Cl)ccc3N(NC(=O)c3cnn(-c4ccccc4)c3C(F)(F)F)c3ccccc32)CC1	OFDFSLKEZUMNQF-UHFFFAOYSA-N
CCCC(CCC)C(=O)NN1c2ccc(Cl)cc2N=C(N2CCN(C)CC2)c2ccccc21	KPULVFIDUFPCCH-UHFFFAOYSA-N
CN1CCN(C2=Nc3cc(Cl)ccc3N(NC(=O)c3c(N)cccc3Cl)c3ccccc32)CC1	GPZGUIZYGOLWTO-UHFFFAOYSA-N
CN1CCN(C2=Nc3cc(Cl)ccc3N(NC(=O)c3nccc4ccccc34)c3ccccc32)CC1	DFZQEPFGPDCJJF-UHFFFAOYSA-N
CN1CCN(C2=Nc3cc(Cl)ccc3N(NC(=O)C=Cc3ccccc3)c3ccccc32)CC1	SRVIPQXGTQCEKQ-UHFFFAOYSA-N
CCOc1c(C(=O)NN2c3ccc(Cl)cc3N=C(N3CCN(C)CC3)c3ccccc32)sc2ccccc12	XUTRVIHVFHKDOS-UHFFFAOYSA-N
CN1CCN(C2=Nc3cc(Cl)ccc3N(NC(=O)c3cnc4ccccc4c3)c3ccccc32)CC1	AIHMNABLEMTJJF-UHFFFAOYSA-N
CN1CCN(C2=Nc3cc(Cl)ccc3N(N)c3ccccc32)CC1	KAGSOBJQFAROBR-UHFFFAOYSA-N
CCOc1csc(C(=O)NN2c3ccc(Cl)cc3N=C(N3CCN(C)CC3)c3ccccc32)c1	RHBLTDJVNDWGHH-UHFFFAOYSA-N
COc1ccc(CCC(=O)NN2c3ccc(Cl)cc3N=C(N3CCN(C)CC3)c3ccccc32)cc1Cl	RGHKLXUPKREMAG-UHFFFAOYSA-N
CN1CCN(C2=Nc3cc(Cl)ccc3N(NC(=O)c3ccccc3NC3CCCCC3)c3ccccc32)CC1	UBVIOCBVSSEHAS-UHFFFAOYSA-N
CN1CCN(C2=Nc3cc(Cl)ccc3N(NC(=O)c3sccc3-c3ccccc3)c3ccccc32)CC1	VLPMRGUATFBEPH-UHFFFAOYSA-N
COc1ccccc1N1CCN(CCCCNC(=O)/N=N/c2ccc(F)cc2)CC1	HLWTUGVLYCATKY-OCEACIFDSA-N
CCCN(CCCCNC(=O)/C=C/c1ccc(F)cc1)C1Cc2ccccc2C1	JSGNRGPOORCANZ-SDNWHVSQSA-N
CCCN(CCCCNC(=O)/N=N/c1ccc(F)cc1)C1Cc2ccccc2C1	VLVNADWTXMPIOQ-CYYJNZCTSA-N
CCCN(CCNC(=O)/N=N/c1cc(F)c(F)c(F)c1)C1Cc2ccccc2C1	WWZCKJOSLFFMMU-CYYJNZCTSA-N
CN1CCc2ccc(O)cc2C(c2ccccc2)C1	DNNMNDDMPUSDQC-UHFFFAOYSA-N
CN1CCc2cc(O)c(N)cc2C(c2ccccc2)C1	CRJSRJODHRMHOZ-UHFFFAOYSA-N
CN1CCc2cc(NCc3ccccc3)c(O)cc2C(c2ccccc2)C1	CIGXEMMADCNHCG-UHFFFAOYSA-N
CC(=O)Nc1cc2c(cc1O)C(c1ccccc1)CN(C)CC2	ZAWHSSDPGDMUJG-UHFFFAOYSA-N
CCN(CC)c1cc2c(cc1O)C(c1ccccc1)CN(C)CC2	FJFGTZQHFSUNCX-UHFFFAOYSA-N
CN1CCc2cc(-n3cccc3)c(O)cc2C(c2ccccc2)C1	YJBSIECJUNJUGX-UHFFFAOYSA-N
Cc1ccc(-c2cc3c(cc2O)C(c2ccccc2)CN(C)CC3)cc1	QUTOXCQDVCWRKR-UHFFFAOYSA-N
CN1CCc2cc(N)ccc2C(c2ccccc2)C1	GZCUMTDIYBMHMP-UHFFFAOYSA-N
CNc1ccc2c(c1)C(c1ccccc1)CN(C)CC2	CUSZCLNHUVAVNP-UHFFFAOYSA-N
CN1CCc2ccc(N(C)C)cc2C(c2ccccc2)C1	XHBCNWXFDIVQPC-UHFFFAOYSA-N
CN1CCc2cc3oc(=O)[nH]c3cc2C(c2ccccc2)C1	USQVNDTUQKYGMB-UHFFFAOYSA-N
CN1CCc2cc3c(cc2C(c2ccccc2)C1)NC(=O)CO3	YSGKLWGOMLHFLD-UHFFFAOYSA-N
CN1CCc2cc3ocnc3cc2C(c2ccccc2)C1	OBHRXPIOBQKIDU-UHFFFAOYSA-N
CN1CCN(c2nc3cc4c(cc3o2)CCN(C)CC4c2ccccc2)CC1	CQGFBLASKNNFBS-UHFFFAOYSA-N
COc1ccc2[nH]c3c(c2c1)CCN(C)CCc1ccccc1C3	AGZPZBJIQLGGOQ-UHFFFAOYSA-N
COc1ccc2c(c1)c1c(n2C)Cc2ccccc2CCN(C)CC1	PZOVIFGFKIPBAC-UHFFFAOYSA-N
CN1CCc2ccccc2Cc2ccccc2CC1	BXOLXXSMCLYDNG-UHFFFAOYSA-N
CN1C[C@H](C(=O)N[C@@H](Cc2ccc([N+](=O)[O-])cc2)C(=O)N[C@@H](Cc2ccc(F)cc2)C(=O)N2CCCC(C(N)=O)C2)C=C2c3cccc4[nH]cc(c34)C[C@H]21	SEGYWWXDIPIQNQ-XRPSMJEVSA-N
CC(C)[C@H](NC(=O)[C@@H]1C=C2c3cccc4[nH]cc(c34)C[C@H]2N(C)C1)C(=O)N[C@@H](Cc1ccc(F)cc1)C(=O)N1CCC[C@H]1C(N)=O	VJRBXIHTQMRKQY-JXSIFGCMSA-N
N#Cc1cc(F)cc(C#Cc2csc(CF)n2)c1	WTLBLIGPXACYET-UHFFFAOYSA-N
COc1cc2c(cc1Cl)CCN1CCCc3ccccc3C21	CSMHWQDLHDNUCX-UHFFFAOYSA-N
COc1ccc2c(c1)CCCN1CCCc3ccccc3C21	LQBNKUHZTYCCMU-UHFFFAOYSA-N
Oc1ccc2c(c1)CCCNCCc1ccccc1C2	WQWCHMWUOFCWFU-UHFFFAOYSA-N
COc1cc2c(cc1OC)Cc1ccccc1CCCN(C)CC2	FUBQWNPFXKULIT-UHFFFAOYSA-N
CN1CCCc2ccccc2Cc2ccc(O)cc2CCC1	BHUNVFVEHNURLZ-UHFFFAOYSA-N
COc1ccc(CCN2CCCc3ccccc3C2)cc1Cl	XJDSIWDPPZVMAG-UHFFFAOYSA-N
CCCN1CCO[C@H](c2cccc(O)c2)C1	WYEGTIGJSHGEID-ZDUSSCGKSA-N
CC1(c2ccccc2)C(=O)Nc2cc(Cl)cc(Cl)c2C1=O	XUTWKCUZLXNZPI-UHFFFAOYSA-N
CC1(c2cccc(OCc3ccccc3)c2)C(=O)Nc2cc(Cl)cc(Cl)c2C1=O	QASCBWTWFDWZJI-UHFFFAOYSA-N
COc1ccc(NS(=O)(=O)c2sc3ccc(Cl)cc3c2C)cc1N1CCNCC1	LOCQRDBFWSXQQI-UHFFFAOYSA-N
Clc1cccc(N2CCN(CCCCc3cn(-c4ccn5nccc5c4)nn3)CC2)c1Cl	XEJNCXFNKSUHHY-UHFFFAOYSA-N
COc1ccccc1N1CCN(CCc2cn(-c3ccn4ncc(C=O)c4c3)nn2)CC1	UHYDZQALANMGBP-UHFFFAOYSA-N
O=Cc1cnn2ccc(-n3cc(CCCN4CCN(c5cccc(Cl)c5Cl)CC4)nn3)cc12	CGJFUPKHNBCZFP-UHFFFAOYSA-N
COc1ccccc1N1CCN(CCCc2cn(-c3ccn4nccc4c3)nn2)CC1	JYBLRFDZVBZKOY-UHFFFAOYSA-N
CCCN(CCN1CCN(CCc2c[nH]c3ccccc23)CC1)c1ccc(Br)cc1	XZUUIMQQOCYISH-UHFFFAOYSA-N
Brc1ccc(NCCN2CCN(CCc3c[nH]c4ccccc34)CC2)cc1	MLPGCAWHLVVATJ-UHFFFAOYSA-N
CN1CCc2cc(N)cc3c2[C@H]1Cc1cccc(N)c1-3	SBZULQRCMCHLCL-OAHLLOKOSA-N
CCCCC(=O)Oc1cccc2c1-c1cc(OC)cc3c1[C@@H](C2)N(C)CC3	NMUGDOOOAXACRK-LJQANCHMSA-N
CN1CCc2c3c(cc4nc(N)sc24)-c2c(ccc(O)c2O)C[C@H]31	GEGIIDSRIPIFFT-GFCCVEGCSA-N
O=C1Cc2cc(CCN3CCN(c4nsc5ccccc45)CC3)c(Cl)cc2N1	MVWVFYHBGMAFLY-UHFFFAOYSA-N
O=C(CCCN1CCCN(c2ccc(Cl)cc2)CC1)c1ccc(F)cc1	MVKKLGNVARQKRP-UHFFFAOYSA-N
Cc1c(C(=O)c2ccc(Cl)cc2)c2ccc(OC(F)(F)F)cc2n1Cc1cccc(O[C@H](C)C(=O)O)c1	DHUATBAZHILHIC-MRXNPFEDSA-N
OC1(c2ccc(Cl)cc2)CC2CCC(C1)N2Cc1c[nH]c2ccccc12	AXPWNFAVTPIWHV-UHFFFAOYSA-N
OC1(c2ccc(Cl)cc2)CC2CCC(C1)N2Cc1coc2ccccc12	CNNRPXDUHKLPGW-UHFFFAOYSA-N
OC1(c2ccc(Cl)cc2)CC2CCC(C1)N2Cc1csc2ccccc12	PRWXOHHRHWZNOG-UHFFFAOYSA-N
CCCN1CCc2cccc3c2[C@H]1Cc1cccc(O)c1-3	WZJSIHGOLMMBAL-MRXNPFEDSA-N
CCCCCCC(=O)Oc1cccc2c1-c1cccc3c1[C@@H](C2)N(CCC)CC3	KWMUKPVHQQVHLC-JOCHJYFZSA-N
Cc1cccc(C2CN(C)CCc3c2cc(O)c(O)c3Cl)c1	JXMYTVOBSFOHAF-UHFFFAOYSA-N
Cc1cccc(C2CN(C)CCc3c2cc(O)c(O)c3-c2ccc3ccccc3c2)c1	XAPOTBPYCJLOQK-UHFFFAOYSA-N
Oc1cc2c(c(-c3ccccc3)c1O)CCNCC2c1ccccc1	HMFJXCHZYMGZSN-UHFFFAOYSA-N
Cc1ncoc1-c1nnc(SCCCN2CCOC(c3ccc(C(F)(F)F)cc3)C2)n1C	OEUUCWVHNBAMPM-UHFFFAOYSA-N
COc1c(OCCF)cccc1C(=O)C1CCN(CCc2ccc(F)cc2)CC1	HVJOIRMQZXEGPW-UHFFFAOYSA-N
CCN(CCc1ccc(O)c(OC)c1)Cc1cccc(O)c1OC	GNLGMKYJFCVWMG-UHFFFAOYSA-N
COc1cc2c(cc1O)C(C)N(Cc1cccc(O)c1OC)CC2	YNWOXNVJEXAREA-UHFFFAOYSA-N
COc1cc2c(cc1O)C1Cc3ccc(OCC4CC4)c(OC)c3CN1CC2	NLTDKVOJLVQOQL-UHFFFAOYSA-N
COc1cccc2c1CC1(CCCN1CCCCN1C(=O)CC3(CCCC3)CC1=O)CO2	XVCOCVUIJOUBOY-UHFFFAOYSA-N
COc1cc(N)c(Cl)cc1C(=O)NC1C2CC3CN(C2)CC31	MRKYTIJPEALHEE-UHFFFAOYSA-N
Fc1ccc2c(CN3CCO[C@H](COc4cccc(Cl)n4)C3)c[nH]c2c1	FKVYTXSHXQFEOI-HNNXBMFYSA-N
Clc1ccc(CN2CCO[C@H](CSc3ccccc3)C2)cc1	XINSSTGUTQPDTR-KRWDZBQOSA-N
COc1cc(CCNC[C@H](O)c2ccc(O)c3[nH]c(=O)ccc23)ccc1OCCCc1ccccc1	PNROEQYQIZJINW-VWLOTQADSA-N
COc1cc(CCNC[C@H](O)c2ccc(O)c(O)c2)ccc1OCCCc1ccccc1	PGSGTPNUOJTSEM-DEOSSOPVSA-N
COc1cc(CCNC[C@H](O)c2ccc(O)c3c2OCC(=O)N3)ccc1OCCCc1ccccc1	VAGMAHDJGBPZIB-QHCPKHFHSA-N
COc1ccccc1OCCNC[C@H](O)c1ccc(O)c(O)c1	AFWAVLNIGSUCHI-HNNXBMFYSA-N
COc1ccccc1OCCNCCc1ccc(O)c(O)c1	RNAXJKKVCJEZIO-UHFFFAOYSA-N
CC(C)NCC(O)c1ccc(O)c(O)c1	JWZZKOKVBUJMES-UHFFFAOYSA-N
CN1CCc2cc(-c3ccccc3)cc3c2[C@H]1Cc1ccc(O)c(O)c1-3	NJWHLJABYCIZPL-LJQANCHMSA-N
CCN1CCc2cc(C)cc3c2[C@H]1Cc1ccc(O)c(O)c1-3	VNGYREUWVHTKAV-OAHLLOKOSA-N
CCCN1CCc2cc(-c3ccc(O)cc3)cc3c2[C@H]1Cc1ccc(O)c(O)c1-3	UIDHCUWLPJKWMW-OAQYLSRUSA-N
Cc1ncoc1-c1nnc(SCCCN2CC[C@@]3(C[C@H]3c3ccccc3)C2)n1C	AAPXNHMQKBDDJN-PGRDOPGGSA-N
CCN(CC)C(=O)[C@@H]1C=C2c3cccc4[nH]cc(c34)C[C@H]2NC1	SUXLVXOMPKZBOV-CXAGYDPISA-N
CCN(CC)C(=O)[C@@H]1C=C2c3cccc4[nH]cc(c34)C[C@H]2N(C(=O)Nc2ccccc2)C1	QIPWTYSOANVUKJ-WZONZLPQSA-N
CN1CC[C@H]2CC(=O)[C@H](Cc3ccccc3)[C@H]3CCC[C@@H]1[C@H]23	HWGSTWOVRDYFSO-VAVNGKDRSA-N
CCCN1CC[C@H]2c3cc4ccc(C(F)(F)F)cc4nc3[C@H](CC)[C@H]3CCC[C@@H]1[C@@H]32	LILDBTJYRFAMFE-VCSLONGPSA-N
CC1=NCCc2cc(Cl)c(O)cc2N1c1ccccc1	NWKAOPSCLSMEJW-UHFFFAOYSA-N
CC1=NCCc2cc(Cl)c(O)cc2N1Cc1ccccc1	ODGVELDIDDLWHA-UHFFFAOYSA-N
CN(C)c1ccc(/C=C/C2=NCCc3cc(Cl)c(O)cc3N2c2ccccc2)cc1	FATROPVSFPNWPE-JLHYYAGUSA-N
CN(C)c1ccc(/C=C/C2=NCCc3cc(Cl)c(O)cc3N2C2CCCCC2)cc1	WJZVPELAHXDMEU-JLHYYAGUSA-N
COc1ccc2cc(C3=Nc4cc(O)c(Cl)cc4CCN3)ccc2c1	CKOGQSGSYRJMCV-UHFFFAOYSA-N
CC(C)CC1=Nc2cc(O)c(Cl)cc2CCN1	WBQRIBHBKUWSAB-UHFFFAOYSA-N
Oc1cc2c(cc1Cl)CCNC(c1ccccc1)=N2	AROPOXXPRMDNBW-UHFFFAOYSA-N
Oc1cc2c(cc1Cl)CCNC(C1CCCCC1)=N2	CUAIOSWHEKBCHU-UHFFFAOYSA-N
COc1ccc(C=CC2=Nc3cc(O)c(Cl)cc3CCN2)cc1	XQMSVYBEWIJZAD-UHFFFAOYSA-N
COc1ccc(C2CC2C2=Nc3cc(O)c(Cl)cc3CCN2)cc1	VPKCLHWPSFNHSU-UHFFFAOYSA-N
NC1=Nc2cc(O)c(Cl)cc2CCN1	YESQZMGQCUWVJT-UHFFFAOYSA-N
Oc1cc2c(cc1Cl)CCNC(NC1CCCCC1)=N2	FENXAMQVYPFMJJ-UHFFFAOYSA-N
Oc1cc2c(cc1Cl)CCNC(NCCc1ccccc1)=N2	FFODWECNCZFQAD-UHFFFAOYSA-N
Oc1cc2c(cc1Cl)CCNC(SCc1ccccc1)=N2	SPQXCVOBUQUSHL-UHFFFAOYSA-N
CNC1=Nc2cc(O)c(Cl)cc2CCN1	DVXHOGCGPGVYIL-UHFFFAOYSA-N
CSC1=Nc2cc(O)c(Cl)cc2CCN1	CHHIYKAACQWLLD-UHFFFAOYSA-N
CN(C)Cc1nc(-c2ccc(C(C)(C)C)cc2)n(-c2cccc(O)c2)n1	ILPANLYEJQKXKY-UHFFFAOYSA-N
CN1CCc2cc(Cl)c(O)cc2[C@@H](c2ccc(CNC3CCC3)cc2)C1	SNTYDMTYFDXPJP-HXUWFJFHSA-N
CC(=O)N(Cc1ccc([C@H]2CN(C)CCc3cc(Cl)c(O)cc32)cc1)C1CCC1	DUJWQCUJEVGZHQ-JOCHJYFZSA-N
CN1CCc2cc(Cl)c(O)cc2[C@@H](c2ccc(CN(C)S(C)(=O)=O)cc2)C1	VVPYOHCUMZPDTM-GOSISDBHSA-N
CN1CCc2cc(Cl)c(O)cc2[C@@H](c2ccc(CN(Cc3ccccc3)c3ccc(F)cc3F)cc2)C1	AWUWWSPJQVWBIM-HHHXNRCGSA-N
CN1CCc2cc(Cl)c(O)cc2[C@H]2c3ccccc3CC[C@@H]21	DMJWENQHWZZWDF-PKOBYXMFSA-N
CN1CCc2cc(Cl)c(O)cc2[C@H]2c3ccc(NC(=O)C4CC4)cc3CC[C@@H]21	AIYWSFMMSLVJNW-RBBKRZOGSA-N
CCS(=O)(=O)Nc1ccc2c(c1)CC[C@H]1[C@H]2c2cc(O)c(Cl)cc2CCN1C	FQUQVJCZFGUICL-PZJWPPBQSA-N
CN1CCc2cc(Cl)c(O)cc2[C@H]2c3cccc(NS(C)(=O)=O)c3CC[C@@H]21	ZAGHVNSWDNQPSI-AZUAARDMSA-N
CCNC(=O)Nc1cccc2c1CC[C@H]1[C@H]2c2cc(O)c(Cl)cc2CCN1C	QGYISVLNCIERMJ-PZJWPPBQSA-N
CN1CCc2cc(Cl)c(O)cc2[C@H]2c3cc(CN4CCN(c5ccccn5)CC4)ccc3CC[C@@H]21	PCZMYCPDZLHZCQ-LITSAYRRSA-N
CN1CCc2cc(Cl)c(O)cc2[C@H]2c3cccc(N4CCCC4=O)c3CC[C@@H]21	XVAIBFITQWHLML-NZQKXSOJSA-N
CN1CCc2cc(Cl)c(O)cc2[C@H]2c3cccc(CN=O)c3CC[C@@H]21	HLASJEZHQCWEKD-AZUAARDMSA-N
CO/N=C/c1cccc2c1CC[C@H]1[C@H]2c2cc(O)c(Cl)cc2CCN1C	XSNJPPIVERUUQP-OMJZWIOZSA-N
CN1CCc2cc(Cl)c(O)cc2[C@H]2c3cccc(-c4cccc(F)c4)c3CC[C@@H]21	ONKJNCWHGRFIII-UKILVPOCSA-N
CN1CCc2cc(Cl)c(O)cc2[C@H]2c3cccc(-c4cccs4)c3CC[C@@H]21	PRPIHWHFWBQGCY-NZQKXSOJSA-N
CN1CCc2cc(Cl)c(O)cc2[C@H]2c3cccc(C#N)c3CC[C@@H]21	CXUYOOFBSRHYSG-AZUAARDMSA-N
COC(=O)c1cccc2c1CC[C@H]1[C@H]2c2cc(O)c(Cl)cc2CCN1C	TZMNVWQJGVVEND-AZUAARDMSA-N
CCCCCCOc1c(O)cc(Br)c2c1CN1CCc3cc(OC)c(O)cc3[C@@H]1C2	VYGXIFKVFAKJNM-FQEVSTJZSA-N
CCCCOc1c(O)ccc2c1CN1CCc3cc(OC)c(O)cc3[C@@H]1C2	OANPPORMDDJIER-SFHVURJKSA-N
COc1ccc(CCCN2CCC(CCC(=O)c3cc(Cl)c(N)c4c3OCCO4)CC2)cc1OC	UVOCSZKGWJOKNN-UHFFFAOYSA-N
Cn1cc(C(=O)C(=O)N[C@H]2CN3CCC2CC3)c2ccccc21	ZNAPADWWBWFMCQ-HNNXBMFYSA-N
c1ccc2c(c1)CCN1CCc3[nH]c4ccccc4c3C21	RKVOQFDZLRUOCJ-UHFFFAOYSA-N
c1ccc2c(c1)CCN1CCc3cccc4[nH]cc(c34)C21	BOVIKQWJNPOZRM-UHFFFAOYSA-N
CN1CCc2ccccc2Cc2c[nH]c3cccc(c23)CC1	MSXGPWPTXORIBR-UHFFFAOYSA-N
CC(C)(C)c1ccc(SCCc2cnc[nH]2)cc1	PQPVHIHIJVIEQG-UHFFFAOYSA-N
CC(=NOC(=O)Nc1ccccc1)c1cccc(-c2cccs2)c1	CQUWKHKELQQYRI-UHFFFAOYSA-N
COc1ccc(OC)c(C2CCN(Cc3cnn(-c4ccccc4F)c3C)C2)c1	QMCLIYXZDAYHLF-UHFFFAOYSA-N
C[C@H]1Cc2c([nH]c3cc(Cl)c(F)cc23)[C@@]2(N1)C(=O)Nc1ccc(Cl)cc12	CKLPLPZSUQEDRT-WPCRTTGESA-N
CN(C)[C@@H]1CC[C@H](c2c[nH]c3ccc(C#N)cc23)C1	CMJSIPQFDNXSOL-QWHCGFSZSA-N
CN(C)[C@H]1CC[C@@H](c2c[nH]c3ccc(F)cc23)C1	LRSVJJWABVMKRA-PWSUYJOCSA-N
CCCN1CCc2cccc3c2C1Cc1cccc(OCCCCN2CCN(c4ccccc4OC)CC2)c1-3	SNXPYOZDXRKEER-UHFFFAOYSA-N
CCCN1CCc2cccc3c2C1Cc1cccc(OCc2cn(CCCN4CCN(c5cccc(Cl)c5Cl)CC4)nn2)c1-3	HHPXXUVAVCXMQF-UHFFFAOYSA-N
O=C(CCCN1C2C3C4CC5C6C4C2C6C1(O)C53)c1ccc(F)cc1	HJKLOGARPBXZTP-UHFFFAOYSA-N
COc1ccc(CCN2C3C4C5CC6C7C5C3C7C2(O)C64)cc1OCCc1ccccc1	QCBXRMVDVAHCPR-UHFFFAOYSA-N
CCCN(CCC)CCc1ccc(OC)c(OCCc2ccccc2)c1	YBLIQJGXRLZBCZ-UHFFFAOYSA-N
CN1CCc2cc(SC[C@H](N)C(=O)O)cc3c2[C@H]1Cc1ccc(O)c(O)c1-3	QCEAYDMNZTWNGV-LSDHHAIUSA-N
CN1CCc2c3c(cc4c2[C@H]1Cc1ccc(O)c(O)c1-4)SCCC3=O	UOWFASPLMHQBNL-CYBMUJFWSA-N
Fc1cccc(CN2C3CC4CC(C3)CC2C4)c1	HTDIUQCBNGOYTP-UHFFFAOYSA-N
Oc1cc2c(cc1O)[C@H]1c3ccccc3OC[C@@H]1NCC2	UTEYDINLSRZWDN-SUMWQHHRSA-N
Oc1cc2c(cc1O)[C@H]1c3ccccc3SC[C@@H]1NCC2	ZQVMLHMNAQPWOQ-SUMWQHHRSA-N
COc1cc2c(cc1OC)CN(CCCCn1cc(-c3ccc(F)cc3)c3ccccc31)CC2	SAUWBVJOXSKPQX-UHFFFAOYSA-N
COc1ccc2c(c1OC)CN1CCc3cc4c(cc3[C@@H]1C2)OCO4	VZTUIEROBZXUFA-INIZCTEOSA-N
CCc1ccc2c(c1)[C@@H]1c3cc(O)c(O)cc3CC[C@H]1NC2	CMTLMUAHYIMWAR-VQIMIIECSA-N
C[C@H]1Cc2c([nH]c3ccccc23)Cc2ccccc2CCN1C	WQPRXYGVHKQNOH-HNNXBMFYSA-N
CN1CCc2ccccc2Cc2[nH]c3ccccc3c2CC1C(=O)O	NUVPQYAINAPNNB-UHFFFAOYSA-N
CCCN(CCCCOc1ccn2ncc(C=O)c2c1)[C@H]1CCc2c(O)cccc2C1	IYWXUSILGIBAQW-NRFANRHFSA-N
COc1ccccc1N1CCN(CCCCOc2ccn3nc(CO)cc3c2)CC1	BKIDSLXJSKMVCJ-UHFFFAOYSA-N
COc1ccccc1N1CCN(CCCCOc2ccc3c(C=O)cnn3c2)CC1	ZYJQELHTQSMKFH-UHFFFAOYSA-N
COc1ccccc1N1CCN(CCCC(=O)Nc2ccn3ncc(/C=N\O)c3c2)CC1	IBCJUIIXFRJMOE-UQQQWYQISA-N
CCCN(CCCCOc1ccc2ccnn2c1)[C@H]1CCc2c(O)cccc2C1	JQXMVFBXXAKVDC-NRFANRHFSA-N
CCCN(CCCCOc1ccc2c(/C=N/O)cnn2c1)[C@H]1CCc2c(O)cccc2C1	HBUKKEFQANLSNF-XLKFHUSGSA-N
COc1ccccc1N1CCN(CCCCOc2ccn3ncc(C#N)c3c2)CC1	JMDXHUNKNDOMJU-UHFFFAOYSA-N
O=C(CCCN1CCN(c2cccc(Cl)c2Cl)CC1)Nc1ccn2nccc2c1	PELJKMLXUPTOKG-UHFFFAOYSA-N
COc1ccccc1N1CCN(CCCCOc2ccc3ccnn3c2)CC1	VIESVSSRMWPJQT-UHFFFAOYSA-N
CCN(C)C1CCCc2ccncc21	GPCVUHGDQJVKPL-UHFFFAOYSA-N
O=C1CCc2ccc(OCCCCN3CCN(c4ccc(O)c5[nH]c(=O)ccc45)CC3)cc2N1	VJUQIMXHRMEYAS-UHFFFAOYSA-N
O=C1CCc2ccc(OCCCCN3CCN(c4ccc(O)c5c4OCCO5)CC3)cc2N1	VAGLBALSMGUHAJ-UHFFFAOYSA-N
O=c1ccc2c(N3CCN(CCCCOc4ccn5nccc5c4)CC3)ccc(O)c2[nH]1	XRIVHXPJBXAZDT-UHFFFAOYSA-N
O=C1COc2c(N3CCN(CCCCOc4ccn5nccc5c4)CC3)ccc(O)c2N1	NQUFJLNBHRSFTR-UHFFFAOYSA-N
CCCCn1cc(CCCOc2ccc(C(=O)NCCCN3CCCN(c4ccc(O)c5[nH]c(=O)ccc45)CC3)cc2OC)nn1	LQFUKCCOLHDWFK-UHFFFAOYSA-N
O=C1CCc2ccc(OCCCCN3CCCN(c4ccc(O)c5oc(=O)ccc45)CC3)cc2N1	DMEAUWNQEDPHFL-UHFFFAOYSA-N
CN1CCc2cc(Cl)c(O)cc2[C@@H](c2cccc3ccoc23)C1	RUSANBIFMAXXSJ-MRXNPFEDSA-N
CN1CCc2cc(Br)c(O)cc2C(c2ccc(NC(=S)Nc3ccc4c(c3)C(=O)OC43c4ccc(O)cc4Oc4cc(O)ccc43)cc2)C1	AAOCWUJDPXXWHS-UHFFFAOYSA-N
O=C1OC2(c3ccc(O)cc3Oc3cc(O)ccc32)c2ccc(NC(=S)Nc3ccc(C4CNCCc5cc(O)c(O)cc54)cc3)cc21	KWGVYZBWQPYGEM-UHFFFAOYSA-N
CN1CCc2cc(Br)c(O)cc2C(c2ccc(Nc3ccc([N+](=O)[O-])c4n[o+][n-]c34)cc2)C1	PAOQGQGDDFSBTF-UHFFFAOYSA-N
CCCN(CCc1ccc(NC(=S)Nc2ccc3c(c2)C(=O)OC32c3ccc(O)cc3Oc3cc(O)ccc32)cc1)[C@H]1CCc2c(O)cccc2C1	GUYDMNDOMIQYML-LJAQVGFWSA-N
O=C(CCCN1CCC2(CC1)C(=O)N(CCc1ccc(Nc3ccc([N+](=O)[O-])c4n[o+][n-]c34)cc1)CN2c1ccccc1)c1ccc(F)cc1	AYDICYGRWUFLHA-UHFFFAOYSA-N
CN1CCc2cc(Br)c(O)cc2C(c2ccc(N)cc2)C1	JJKVHQGSRGJOOG-UHFFFAOYSA-N
CN1CCc2c(cc(O)c(O)c2Br)C(c2ccccc2)C1	DHKYCFXOSLNAFZ-UHFFFAOYSA-N
CN1CCc2c(Cl)c(O)c(O)c(Cl)c2C(c2ccccc2)C1	JVDGQVHTDDMTCM-UHFFFAOYSA-N
CNC[C@H](O)c1ccc(O)c(O)c1	UCTWMZQNUQWSLP-VIFPVBQESA-N
NCCc1cccc(O)c1	GHFGJTVYMNRGBY-UHFFFAOYSA-N
C[N@@H+]1C[C@H](C(N)=O)C=C2c3cccc4[nH]c(Br)c(c34)C[C@H]21	BTXXUCVFDKNBPB-AMIZOPFISA-O
NCCc1ccc(O)cc1	DZGWFCGJZKJUFP-UHFFFAOYSA-N
N#Cc1ccc(CCOC(=O)N2CCN(CCCC(c3ccc(F)cc3)c3ccc(F)cc3)CC2)cc1	JJKPSOUEWPDPFS-UHFFFAOYSA-N
O=C(CCCc1ccccc1)N1CCN(CCCC(c2ccc(F)cc2)c2ccc(F)cc2)CC1	VGBOISIRCIDEGP-UHFFFAOYSA-N
Cc1ccc(CN2CCC(n3c(=O)[nH]c4ccccc43)CC2)c(Cl)c1	KTQASNDGWLUTPN-UHFFFAOYSA-N
O=c1[nH]c2ccccc2n1CCCNCc1cc2c(cc1Cl)OCO2	PXWAOPCHLIOXQZ-UHFFFAOYSA-N
O=C(OCc1cc2c(cc1Cl)OCO2)N1CCC(n2c(=O)[nH]c3ccccc32)CC1	HLZHNRNWOPIWCL-UHFFFAOYSA-N
CCOc1ccc(CCNC(=O)N2CCN(CCCC(c3ccc(F)cc3)c3ccc(F)cc3)CC2)cc1	NFBNIRNKYJTDIE-UHFFFAOYSA-N
CN(C)CCOC1=Cc2ccccc2Sc2ccc(Cl)cc21	HDOZVRUNCMBHFH-UHFFFAOYSA-N
COc1ccccc1N1CCN(CCCCNC(=O)c2cccn3nccc23)CC1	CXWMHNWEROVFMB-UHFFFAOYSA-N
COc1ccccc1N1CCN(CCCCNC(=O)c2cc3ccccc3s2)CC1	KFMBPIZMZUDONQ-UHFFFAOYSA-N
O=C(NCCCCN1CCN(c2cccc(Cl)c2Cl)CC1)c1cc2ccccc2[te]1	FCQJWZQRHJCJSA-UHFFFAOYSA-N
COc1ccccc1N1CCN(CCCCCNC(=O)c2cc3ccccn3n2)CC1	SFBYKQFVXHFMBA-UHFFFAOYSA-N
COc1ccccc1N1CCN(CCCCNC(=O)c2cc3ccccc3o2)CC1	SIIDHHZTVIEQJK-UHFFFAOYSA-N
COc1ccccc1N1CCN(CCCCNC(=O)c2ccn3nccc3c2)CC1	CNARPAZVQVCVGJ-UHFFFAOYSA-N
COc1ccccc1N1CCN(CCCCNC(=O)c2cccc3ccnn23)CC1	XVKBKIBQGMWRDG-UHFFFAOYSA-N
Clc1ccc(N2CCN(Cc3cnn4ccccc34)CC2)cc1	XVPRVMIFXXOEFR-UHFFFAOYSA-N
Clc1ccc(N2CCN(Cc3cc4ccccn4n3)CC2)cc1	DTRXURJDKOYCCD-UHFFFAOYSA-N
c1ccc2c(c1)CC(CN1CCN(c3ccc4c(c3)OCCO4)CC1)C2	CYPJMEGEBKHODC-UHFFFAOYSA-N
Fc1ccc(N2CCN(CCC3OCCc4ccccc43)CC2)cc1	UKOCGOXTVCIACM-UHFFFAOYSA-N
c1ccc(CC[C@@H]2CN(Cc3nc4ccccc4[nH]3)CCO2)cc1	JVQBISWUXRKBAJ-QGZVFWFLSA-N
Clc1ccc(N2CCN(Cc3c[nH]c4ncccc34)CC2)cc1	OGJGQVFWEPNYSB-UHFFFAOYSA-N
Cc1ccc(N2CCN(Cc3nc4ccccc4[nH]3)CC2)cc1C	SAQMCVDGOIRQTC-UHFFFAOYSA-N
CC(C)Oc1cccnc1N(C)C1CCN(Cc2ccc(I)cc2)CC1	ZJAXDNQQFMPNAV-UHFFFAOYSA-N
O=C1NCCN1CCN1CCC(c2cn(-c3ccc(F)cc3)c3ccc(Cl)cc23)CC1	GZKLJWGUPQBVJQ-UHFFFAOYSA-N
CN1CCCC[C@@H]1CCN1c2ccccc2Sc2ccc([S@](C)=O)cc21	SLVMESMUVMCQIY-DXPJPUQTSA-N
CC(=O)Nc1cc(Cl)ccc1/C=C/C(=O)N1CCN(Cc2ccc(F)cc2)C[C@H]1C	DUFKTZBQJIHIAQ-VGZDNEPHSA-N
c1ccc(CCN2CCc3ccccc3Cc3[nH]c4ccccc4c3CC2)cc1	OWJLZZGIONWNSN-UHFFFAOYSA-N
c1ccc(C2CCC3c4[nH]c5ccccc5c4CCN23)cc1	JIOFRZLMAPMCJC-UHFFFAOYSA-N
CCOC(=O)C(CCCBr)c1ccccc1	FGGBBRGHOVLLJV-UHFFFAOYSA-N
CN1CCc2c([nH]c3ccccc23)CCCC1c1ccccc1	NPHHQESYNYBBOA-UHFFFAOYSA-N
CN1CCCCc2[nH]c3ccccc3c2CC1	KLXDUXXJNISNMK-UHFFFAOYSA-N
c1ccc(C2CC3c4[nH]c5ccccc5c4CCN3C2)cc1	LCMWATPIENTMFH-UHFFFAOYSA-N
C=CCN1CCc2ccccc2Cc2cc(OC)c(OC)cc2CC1	GYLIWJFZRVUBRM-UHFFFAOYSA-N
CN1CCc2c([nH]c3ccccc23)CC(c2ccccc2)CC1	MEHMCAALFDXXGP-UHFFFAOYSA-N
CN1CCc2ccccc2Cc2ccn(C)c2CC1	KUEQQBRCJDOEEZ-UHFFFAOYSA-N
c1ccc2c3c([nH]c2c1)C1CCCCN1CC3	OURDZMSSMGUMKR-UHFFFAOYSA-N
O=C1OCCCC1c1ccccc1	APIRTAHEBTZNSZ-UHFFFAOYSA-N
CN1CCc2ccccc2Cc2ccsc2CC1	FHSMMEAYPKEOAQ-UHFFFAOYSA-N
O=C1CCCC(c2ccccc2)O1	ZUOCDTAEBOQCSP-UHFFFAOYSA-N
O=C(CCC(=O)c1ccccc1)NCCc1c[nH]c2ccccc12	RSBRWYJAUXCERN-UHFFFAOYSA-N
O=C(CCCC(O)c1ccccc1)NCCC1=CCc2ccccc21	PGWPCIPGEIHMJD-UHFFFAOYSA-N
O=C1CC(c2ccccc2)CO1	YFNSPPHTAARSPD-UHFFFAOYSA-N
c1ccc2c3c([nH]c2c1)CCCCCN(CC1CC1)CC3	CNISFKKNHMIEDJ-UHFFFAOYSA-N
c1ccc2c(c1)CCN(CC1CC1)CCc1c([nH]c3ccccc13)C2	JJMBGYMAWGZMGZ-UHFFFAOYSA-N
COc1cc2c(cc1OC)Cc1ccccc1CCN(CCc1ccccc1)CC2	ZOYFGQMKVZZMJK-UHFFFAOYSA-N
c1ccc(C2CCN3CCc4c([nH]c5ccccc45)C23)cc1	XOMCRCUXIXQLCN-UHFFFAOYSA-N
O=C1C(c2ccccc2)CCCN1CCc1c[nH]c2ccccc12	BHZIBLVRNQOXJN-UHFFFAOYSA-N
c1ccc2c(c1)CN1CCc3c([nH]c4ccccc34)C21	JVHLWTOVJFEQIQ-UHFFFAOYSA-N
c1ccc(C23CCCCN2CCc2c3[nH]c3ccccc23)cc1	WAEHSRNKOQVNHT-UHFFFAOYSA-N
C[N+]12CCCC(c3ccccc3)C1c1[nH]c3ccccc3c1CC2	LZMVFVZIXDUMSW-UHFFFAOYSA-N
CN1CCc2c([nH]c3ccccc23)Cc2ccn(C)c2CC1	OAZSHGRDDGNHHT-UHFFFAOYSA-N
CCOC(=O)CCCC(Br)c1ccccc1	IVHZVULPZJUUJC-UHFFFAOYSA-N
O=C1CCCC(c2ccccc2)N1CCC1=CCc2ccccc21	GYEPXPNIWUTXDF-UHFFFAOYSA-N
C=CCN1CCc2ccccc2Cc2ccsc2CC1	ORWJOWKBZHUXMP-UHFFFAOYSA-N
CN1CCCC(c2ccccc2)c2[nH]c3ccccc3c2CC1	AEHACZVHKAVVDK-UHFFFAOYSA-N
CCN1CCc2c([nH]c3ccccc23)Cc2ccccc2C1	GILRVKMKQIBKOK-UHFFFAOYSA-N
Cn1nc(C(=O)OC[C@@H]2CCN3CCC[C@@H]23)c2ccccc21	HSJJCSVABNNXON-JSGCOSHPSA-N
O=C(OC[C@@H]1CCN2CCC[C@@H]12)c1c[nH]c2ccccc12	FQUPQQRFDMPEMK-LRDDRELGSA-N
O=C(NC[C@@H]1CCN2CCC[C@@H]12)c1cc(Cl)cn2ccnc12	SKYGATVDBNOBSE-FZMZJTMJSA-N
COc1cc(N)c(Cl)cc1C(=O)NC1CCN(CCCOc2ccc(F)cc2)CC1OC	DCSUBABJRXZOMT-UHFFFAOYSA-N
O=C(OC[C@@H]1CCN2CCC[C@@H]12)c1[nH]nc2ccccc12	DJPQWKJCTULKTC-FZMZJTMJSA-N
CCCC(C(=O)c1cccc(C)c1)N1CCCC1	HHSYAWUBPBEDMP-UHFFFAOYSA-N
CCC(CC(=O)c1ccc(C)cc1)N1CCCC1	CCCKABNBMAAFTD-UHFFFAOYSA-N
CCCC(C(=O)c1ccccc1C)N1CCCC1	VVIVTDYOMWHKAE-UHFFFAOYSA-N
CCCC(C(=O)c1ccc(Br)cc1)N1CCCC1	RAHKQMUBMIJUFG-UHFFFAOYSA-N
CCC(CC(=O)c1ccc(Cl)c(Cl)c1)N1CCCC1	BQKRARPXRCZXGV-UHFFFAOYSA-N
CCCC(C(=O)c1ccc(C(F)(F)F)cc1)N1CCCC1	OIZUHURZTLEFGZ-UHFFFAOYSA-N
CCCC(C(=O)c1ccc(-c2cccs2)cc1)N1CCCC1	HEFDYDISPNHKAM-UHFFFAOYSA-N
CCCC(C(=O)c1ccc([N+](=O)[O-])cc1)N1CCCC1	NAHZCGQMXZCULW-UHFFFAOYSA-N
CCCC(C(=O)c1ccc2ccccc2c1)N1CCCC1	DTNUPBSOODGRKW-UHFFFAOYSA-N
CCCC(C(=O)c1ccc(NC(C)=O)cc1)N1CCCC1	DSIUMNNVBQZCEG-UHFFFAOYSA-N
CCCN1Cc2ccccc2C2c3cc(O)c(O)cc3OCC21	ZFTCHNBVJNLSJT-UHFFFAOYSA-N
O=c1ccc2c(N3CCN(CCCCOc4ccn5ncc(/C=N/O)c5c4)CC3)ccc(O)c2[nH]1	KHNMKPXPIOAOHB-WPWMEQJKSA-N
CCCN1CCN(c2ccc(O)c3c2OCCO3)CC1	AIANRSPJEBRESY-UHFFFAOYSA-N
CCCN1CCCN(c2ccc(O)c3c2OCC(=O)N3)CC1	QLRIUZVNMLEJEJ-UHFFFAOYSA-N
CCCN1CCN(c2ccc(O)c3[nH]c(=O)ccc23)CC1	RKJGOTQLYDWXJL-UHFFFAOYSA-N
CN1CCN(c2ccc(O)c3c2OCC(=O)N3)CC1	MZFAZCYLMYZDDU-UHFFFAOYSA-N
Oc1ccc(N2CCNCC2)c2c1OCCO2	WEYXUHPIPVELRK-UHFFFAOYSA-N
O=c1ccc2c(N3CCNCC3)ccc(O)c2[nH]1	DFNHNBPKUMLYOZ-UHFFFAOYSA-N
O/N=C/c1cnn2ccc(OCCCCN3CCN(c4ccc(O)c5c4OCCO5)CC3)cc12	NROVFAZNNKPZNQ-YZSQISJMSA-N
O=C1COc2c(N3CCCNCC3)ccc(O)c2N1	VKZILFVYTKXRFT-UHFFFAOYSA-N
COc1cc(NC(=O)c2ccc(-c3ccc(Cl)cc3)o2)cc(OC)c1	VHKBTPQDHDSBSP-UHFFFAOYSA-N
O=C1Nc2ccc(F)cc2C1CCCCN1CCN(c2ccccc2)CC1	IBBIDLLHDNJIPV-UHFFFAOYSA-N
O=C1Nc2ccccc2C1CCCCN1CCN(c2ccc(Cl)cc2)CC1	JAOXKCOCADFHNG-UHFFFAOYSA-N
CCC1(CCCCN2CCN(c3ccc(Cl)cc3)CC2)C(=O)Nc2cc(F)ccc21	QFHWIGIQQPTXBG-UHFFFAOYSA-N
COc1cc(CCNCc2ccccc2OC)c(OC)cc1I	ZFUOLNAKPBFDIJ-UHFFFAOYSA-N
O=C(NCCCCN1CCN(c2cccc(Cl)c2Cl)CC1)c1cc2cc(I)ccc2o1	OBGOWZOSTXHAGD-UHFFFAOYSA-N
O=C(NC/C=C/CN1CCN(c2cccc(Cl)c2Cl)CC1)c1cc2ccccc2[nH]1	OKLQUANCQYMFOA-ONEGZZNKSA-N
O=C(NC/C=C/CN1CCN(c2cccc(Cl)c2Cl)CC1)c1cc2ccccc2o1	MPYBYEHRQXVCIP-ONEGZZNKSA-N
O=C(NC/C=C/CN1CCN(c2cccc(Cl)c2Cl)CC1)c1cc2ccccc2s1	KKTITOSWJRVWOF-ONEGZZNKSA-N
O=C(NCC[C@@H](O)CN1CCN(c2cccc(Cl)c2Cl)CC1)c1cc2ccccc2[nH]1	NABHHUMHJIHHIX-QGZVFWFLSA-N
CCCOc1ccccc1N1CCN(CC(O)CCNC(=O)c2cc3ccccc3[nH]2)CC1	GLWWYTMRHNLGIT-UHFFFAOYSA-N
COc1ccccc1N1CCN(CC(O)CCNC(=O)c2cc3cc(I)ccc3[nH]2)CC1	UAHANCCWNZGFSQ-UHFFFAOYSA-N
O=C(NCCC(O)CN1CCN(c2cccc(Cl)c2Cl)CC1)c1cc2ccccc2o1	DMQIMKFFQYYLKW-UHFFFAOYSA-N
CN(C)CCC=C1c2ccccc2CCc2ccccc21	KRMDCWKBEZIMAB-UHFFFAOYSA-N
CN(CCC=C1c2ccccc2CCc2ccccc21)C(=O)Cc1ccc(OCCCN2CCCCC2)cc1	FBGLPECKCFZJFU-UHFFFAOYSA-N
CN(CCCC12CCC(c3ccccc31)c1ccccc12)Cc1ccc(OCCCN2CCCCC2)cc1	AQQFXOLTZFTABW-UHFFFAOYSA-N
CN(CCCN1c2ccccc2Sc2ccc(Cl)cc21)Cc1ccc(OCCCN2CCCCC2)cc1	UCQNMJXTWOYVNH-UHFFFAOYSA-N
CN(CC/C=C1\c2ccccc2Sc2ccc(Cl)cc21)Cc1ccc(OCCCN2CCCCC2)cc1	DSRXHDAICZGTCK-ORBVJSQLSA-N
Clc1ccc2c(c1)N=C(N1CCN(Cc3ccc(OCCCN4CCCCC4)cc3)CC1)c1ccccc1N2	CILDROBPHGWMGB-UHFFFAOYSA-N
O=C(OCCN1CCN(CCCN2c3ccccc3Sc3ccc(C(F)(F)F)cc32)CC1)c1ccc(OCCCN2CCCCC2)cc1	OXJGPZFAZUEPIX-UHFFFAOYSA-N
CN(C)CC/C=C1/c2ccccc2Sc2ccc(Cl)cc21	WSPOMRSOLSGNFJ-AUWJEWJLSA-N
CC(C)(C)c1nc(N2CCN(CCCCNC(=O)c3cc4ccccn4n3)CC2)cc(C(F)(F)F)n1	UXRJVZYJCCSIAH-UHFFFAOYSA-N
Cc1ccc(S(=O)(=O)[O-])cc1.O=C(NCCCCN1CC[N+]2(CCOc3ccccc32)CC1)c1cc2ccccn2n1	XPGSJIUQAJGTDW-UHFFFAOYSA-N
CC(C)(C)c1nc(N2CCN(CCCCNC(=O)c3cc4ccccc4s3)CC2)cc(C(F)(F)F)n1	XTFNKHQCBITNPG-UHFFFAOYSA-N
COc1ccccc1N1CCN(CCCn2cc(CCCN3CCc4cc(O)c(O)cc4C(c4ccccc4C)C3)nn2)CC1	MPLKOFSZQUCZEC-UHFFFAOYSA-N
Cc1cccc(C2CN(CCCc3cn(CCCN4CCN(c5ncccn5)CC4)nn3)CCc3cc(O)c(O)cc32)c1	LFKIBYQDTRIPSY-UHFFFAOYSA-N
Oc1ccc2c(c1)CCN1CCc3ccccc3C21	WKDIBUGWHRYVFS-UHFFFAOYSA-N
COc1ccc2c(c1)CCN1Cc3ccccc3CC21	DVRLIKWPAJQERN-UHFFFAOYSA-N
Oc1ccc2c(c1)CCN1Cc3ccccc3CC21	QXUOSGAFYZBCAK-UHFFFAOYSA-N
COc1ccc2c(c1)CCN(C)Cc1ccccc1CC2	SXNYQFGWYSVRLE-UHFFFAOYSA-N
CN1CCc2cc(O)ccc2CCc2ccccc2C1	MVWVAUAORDNVHV-UHFFFAOYSA-N
CN1CCCc2cc3c(cc2-c2ccccc2CC1)OCO3	IPSSDOFRDHFANX-UHFFFAOYSA-N
Cc1ccccc1CC1c2ccc(O)cc2CCN1C	HKYVEEPQWZMBJJ-UHFFFAOYSA-N
CCc1cc(OC)ccc1C1Cc2ccccc2CN1C	KTAAQEHLGMUIRW-UHFFFAOYSA-N
C=CCc1ccc2c(c1O)-c1cc(OC)cc3c1[C@@H](C2)N(C)CC3	NZGYOYHJUVTVOA-GOSISDBHSA-N
C=CCOc1cccc2c1-c1cc(OC)cc3c1[C@@H](C2)N(C)CC3	DQHOPVHCOMQTNV-GOSISDBHSA-N
Cc1cc2ccc3c(c2o1)-c1cccc2c1[C@@H](C3)N(C)CC2	RUWAMTNSIGQJMG-QGZVFWFLSA-N
C#CCOc1cccc2c1-c1cccc3c1[C@@H](C2)N(C)CC3	SIOFUKNCUIDAPQ-QGZVFWFLSA-N
CCCN1CCc2cccc3c2[C@H]1Cc1ccc2c(C)c(C)oc2c1-3	CQLSIMBCYSNKPJ-HXUWFJFHSA-N
CC#CCOc1cccc2c1-c1cccc3c1[C@@H](C2)N(CCC)CC3	HGKNZSUHDCFNCK-HXUWFJFHSA-N
CCCN1CCc2cccc3c2[C@H]1Cc1c(CC=C(C)C)ccc(O)c1-3	COGVBWFCKLEJAD-OAQYLSRUSA-N
CCCN1CCc2cccc3c2[C@H]1Cc1ccc2c(c1-3)OC(C)(C)C2	CGBZFQGLUFWQAF-LJQANCHMSA-N
C=C(C)Cc1ccc2c(c1O)-c1cccc3c1[C@@H](C2)N(CCC)CC3	UTKIHSDWABXFSV-HXUWFJFHSA-N
CCCN1CCc2cccc3c2[C@H]1Cc1cccc(OCC=C(C)C)c1-3	MEYFDHQWLFGNTM-OAQYLSRUSA-N
COc1cc2c3c(c1)-c1c(O)cccc1C[C@H]3N(C)CC2	UGNGRDRWDHJJJI-OAHLLOKOSA-N
CC(C)(C)NS(=O)(=O)c1ccc(-c2sc(C(=O)N[C@H]3C[C@H](C(=O)O)C3)nc2CC2CCCCC2)c2ccccc12	KYIGOCCCBXRHNJ-MXVIHJGJSA-N
Nn1c(CCCCN2CCN(c3ccc4ccccc4n3)CC2)nc2c(c1=O)CCCC2	WFQOETMVYMINSA-UHFFFAOYSA-N
N#Cc1cc(F)cc(C#Cc2csc(F)n2)c1	LVXAMCKZCLWWTF-UHFFFAOYSA-N
CCCN1CCc2cc(OCCCF)cc3c2[C@H]1Cc1ccc(O)c(O)c1-3	RONFPASSWXANLI-GOSISDBHSA-N
CCN1CCc2cc(OCCCF)cc3c2[C@H]1Cc1cccc(O)c1-3	LODBNYQJHVOXNX-GOSISDBHSA-N
C[C@@H]1CCCN1CCc1cc2cc(C(=O)c3ccc(F)cc3)ccc2o1	VGSYEFOBFMUWGO-OAHLLOKOSA-N
C[C@H]1c2c([nH]c3ccc(C(F)(F)F)cc23)C[C@H]2CCN(CCC3(C(=O)O)CCCCC3)C[C@@H]21	WAOZNBXSEVIAGX-MBOZVWFJSA-N
OC(CCN1CC=C(Cc2ccccc2)CC1)c1cc2ccccc2s1	NBIWTPBSAFCSRX-UHFFFAOYSA-N
COc1cc2c(c(OC)c1)CN1CCc3cc(OC)c(O)c(OC)c3[C@@H]1C2	COLMLJLOZPVXNR-INIZCTEOSA-N
CCN(CC)[C@@H]1[C@@H](CO)[C@H]2CN(Cc3ccccc3)[C@H](c3ccccc3)[C@H]21	SEVLDDAIFKZMCD-OYTPZHDJSA-N
OC[C@H]1[C@H]2CN(Cc3ccccc3)[C@H](c3ccccc3)[C@H]2[C@@H]1N1CCCC1	RSLYNHHGHMPLKL-OYTPZHDJSA-N
CCCN1C[C@H](c2ccc(O)cc2)C[C@@H]2c3cc(O)c(O)cc3CC[C@H]21	SPBJYMYEKPAPLH-NSISKUIASA-N
Oc1ccc([C@H]2CN[C@@H]3CCc4cc(O)c(O)cc4[C@H]3C2)cc1	VEJVQTWUKUQWPK-KBRIMQKVSA-N
O=C(O)c1cc(-c2cccc(COc3ccc4c(=O)n(C5CCCC5)sc4c3)c2)ccc1Cl	ZQBPXBADOJMCRU-UHFFFAOYSA-N
CCCCCCN(CCc1ccccc1)CCc1cccc(O)c1	XNXKEYCDXWQUQU-UHFFFAOYSA-N
Oc1cccc(CCN(CCc2ccccc2)CC2CCC2)c1	YNVKFHIWFDRVNY-UHFFFAOYSA-N
Cn1c2cnc1OCC/C=C\CCCCOc1ccccc1-2	AGLKQNJMUAORON-HYXAFXHYSA-N
O=C(CCCN1CC[Si](O)(c2ccc(Cl)cc2)CC1)c1ccc(F)cc1	IMFLKRNUSHCDBK-UHFFFAOYSA-N
COc1ccccc1CCN1C2C3C4CC5C6C4C2C6C1(O)C53	PSBBAGWMKGXQRW-UHFFFAOYSA-N
CCC[C@@H](CCO)Nc1nc(N)nc2cc(OC)ccc12	DFMXKQPRTISWSY-JTQLQIEISA-N
CCC[C@@H](CCO)Nc1nc(N)nc2c(F)cccc12	DMHYWBCNPUZCKE-VIFPVBQESA-N
CCN1CCc2ccccc2Cc2ccc(O)cc2CC1	JRBGFUMWOKMSLK-UHFFFAOYSA-N
CNc1ncc2c(n1)CC(CN1CCC(c3noc4cc(F)ccc34)CC1)CC2=O	GFDZRHZKBRJIGS-UHFFFAOYSA-N
CCCN(CCC)CC1COc2cccc(OC)c2C1	BMXRASUARGEUDH-UHFFFAOYSA-N
CCCN(CCCCN1C(=O)CC2(CCCC2)CC1=O)CC1COc2cccc(OC)c2C1	PXTNZNWAFOHMBS-UHFFFAOYSA-N
O=C1CC2(CCCC2)CC(=O)N1CCCCNCC1COc2ccccc2C1	ZXXWEZYYAYQNEN-UHFFFAOYSA-N
CC1=CC(C)=[N+]2C1=C(c1ccc(OCCCN3CCCCC3)cc1)c1c(C)cc(C)n1[B-]2(F)F	HPRWHXGAJGUOCP-UHFFFAOYSA-N
COc1ccc2c(c1)CCN1CC[C@@](O)(c3ccc(Cl)cc3)C[C@H]21	BZGKXGFGDBPNAC-UXHICEINSA-N
Cc1cc2c(cc1O)[C@H]1C[C@](O)(c3ccc(Cl)cc3)CCN1CC2	BIAZWCDUSGLQRR-QUCCMNQESA-N
COc1cc2c(cc1O)[C@H]1C[C@@](O)(c3ccc(OC(F)(F)F)cc3)CCN1CC2	WCWNXHJYVSNEHQ-YLJYHZDGSA-N
CN1CCN(c2ccc3c(c2)CN(C(=O)OCc2ccccc2)C3)CC1	UETLZTFBKJSNHG-UHFFFAOYSA-N
O=C(NCCN1CCN(c2ccc(Cl)c(Cl)c2)CC1)c1ccccn1	WJTVOECAMUQNOG-UHFFFAOYSA-N
NCCCCCCn1cc(CCCCN2CCC(c3ccc(-c4cc(C(=O)O)cc5cc(-c6ccc(C(F)(F)F)cc6)ccc45)cc3)CC2)nn1	UFIMBHYPDHTMKA-UHFFFAOYSA-N
CN(C)c1ccc(C(=O)NCCCCN2CCC(c3cccc(O)c3)C2)cc1	UVSNDTNJIHHUPU-UHFFFAOYSA-N
CCCCCCCCN1CCC(c2cccc(O)c2)C1	INHLBBQJFLVLRB-UHFFFAOYSA-N
OC1(c2ccc(Cl)c(C(F)(F)F)c2)CCN(CCCN(c2ccc(F)cc2)c2ccc(F)cc2)CC1	FOLXSEMOHDUPCN-UHFFFAOYSA-N
OC1(c2ccc(Cl)c(C(F)(F)F)c2)CCN(CCCCC(c2ccc(F)cc2)c2ccc(F)cc2)CC1	QBWLTDPVSJCLIE-UHFFFAOYSA-N
Cc1cc(Oc2nccc3occc23)ccc1-c1c(C)cnn1C(C)(C)C	GNQPYOOQTOYIEY-UHFFFAOYSA-N
Cc1cc(Oc2nccc3occc23)ccc1-c1c(C)ncc2nccn12	HWAIAGZSWHOLLK-UHFFFAOYSA-N
Cc1cc(Oc2nccc3occc23)ccc1-c1ccnn1C	PUYDWKVPKVVVFY-UHFFFAOYSA-N
Cc1cc(Oc2nccc3occc23)ccc1-c1cncc2ncnn12	OUGRRYAUMLQMJR-UHFFFAOYSA-N
c1cc(-c2ccc(Oc3nccc4occc34)cc2)n2ccnc2c1	LXWUHUKLUZUIPE-UHFFFAOYSA-N
CC(C)(C)n1nccc1-c1ccc(Oc2nccc3occc23)cc1	VEXDLNHCJCAYRH-UHFFFAOYSA-N
COc1ccc2cnccc2c1-c1ccc(Oc2nccc3occc23)cc1	IYKSDQDBJIYZDN-UHFFFAOYSA-N
Cc1ccc2nccn2c1-c1ccc(Oc2nccc3occc23)cc1	PWLYFXFNLDFOGR-UHFFFAOYSA-N
Cc1nc2cnccc2n1-c1ccc(Oc2nccc3occc23)cc1	UMECUVYUQDDXRM-UHFFFAOYSA-N
COc1cc2c(cc1O)CN(CCCCNC(=O)c1ccc3ccccc3c1)CC2	BVFIHIUYFGGHND-UHFFFAOYSA-N
COc1cc2c(cc1O)CN(CCCCNC(=O)c1ccnc3ccccc13)CC2	VKNHMOVYMQVLKC-UHFFFAOYSA-N
O=C(CCCCN1CCC(c2noc3cc(F)ccc23)CC1)c1cc2c3c(c1)CCN3C(=O)CC2	ACOZPXLCYUQMHS-UHFFFAOYSA-N
O=C(O)CCCCCN1CCC(CNC(=O)c2c3n(c4ccccc24)CCCO3)CC1	ODMLUIATXKBXOW-UHFFFAOYSA-N
c1ccc(N2CCN(CCOc3ccc4nn[nH]c4c3)CC2)cc1	JBHBBBHEEGNSIL-UHFFFAOYSA-N
O=c1[nH]c2ccc(OCCN3CCN(c4cccc(C(F)(F)F)c4)CC3)cc2[nH]1	KPEURFNDOXZGIZ-UHFFFAOYSA-N
COc1ccccc1N1CCN(CCCc2ccc3[nH]c(=S)[nH]c3c2)CC1	WGYLSXPWKYVIGW-UHFFFAOYSA-N
COc1ccc(N2CCN(CCCc3ccc4nc[nH]c4c3)CC2)cc1	JYCFLQWDTDVREM-UHFFFAOYSA-N
O=c1[nH]c2ccc(OCCN3CCN(c4ccccc4Cl)CC3)cc2[nH]1	OOFZTDDZWQTLSH-UHFFFAOYSA-N
c1ccc2c(N3CCN(CCc4ccc5nn[nH]c5c4)CC3)cccc2c1	YQSXXLHEQOZMOT-UHFFFAOYSA-N
COc1ccc(N2CCN(CCOc3ccc4[nH]c(=S)[nH]c4c3)CC2)cc1	ONAGXNNVAPQSIR-UHFFFAOYSA-N
COc1cccc(N2CCN(CCOc3ccc4nc[nH]c4c3)CC2)c1	JHLSGMNEEQFWIU-UHFFFAOYSA-N
COc1ccc(N2CCN(CCCc3ccc4[nH]c(=S)[nH]c4c3)CC2)cc1	CHOFOIZYGVGSTB-UHFFFAOYSA-N
FC(F)(F)c1cccc(N2CCN(CCCc3ccc4[nH]c(=S)[nH]c4c3)CC2)c1	AEEFPFZMNZVYPW-UHFFFAOYSA-N
COc1ccccc1N1CCN(CCc2ccc3[nH]nnc3c2)CC1	QOTYCLIFPPZNAZ-UHFFFAOYSA-N
c1ccc2c(N3CCN(CCc4ccc5[nH]cnc5c4)CC3)cccc2c1	OTPPYWCIUOIPCN-UHFFFAOYSA-N
S=c1[nH]c2ccc(OCCN3CCN(c4cccc(Cl)c4)CC3)cc2[nH]1	UJVQLQPURJLGHG-UHFFFAOYSA-N
FC(F)(F)c1cccc(N2CCN(CCCc3ccc4nc[nH]c4c3)CC2)c1	JUIVFKDKROMYLN-UHFFFAOYSA-N
COc1ccccc1N1CCN(CCCc2ccc3nc[nH]c3c2)CC1	NLBCAUCTUSFOKY-UHFFFAOYSA-N
CB1C=Cc2c(cccc2OCC(O)CN(C)C)N1	KVVLFJLSBAOKPZ-UHFFFAOYSA-N
CB1C=Cc2cccc(OCC(O)CN(C)C)c2N1	CCSPGLLRANVKRG-UHFFFAOYSA-N
C[C@@]12CN(c3ccccc3)c3ccccc3[C@@H]1CCN2	OHCPINQLTJGNRS-FUHWJXTLSA-N
CC[C@H]1c2cc(OC)ccc2CC[C@@]1(C)N	OTQHFPJXKACHHP-UONOGXRCSA-N
COc1cc(OC)c2c(c1)OC[C@@]1(C)NCC[C@@H]21	NYBQQHJGLBCUBL-IINYFYTJSA-N
CC[C@H]1c2cc(C)ccc2OC[C@@]1(C)N	DUGAXFUVLZBESY-WCQYABFASA-N
CC[C@H]1c2ccccc2N(c2ccccc2)C[C@@]1(C)N	WJDLKMWEXVEBMK-FUHWJXTLSA-N
COc1ccccc1N1CCN(CCCNC(=O)NN(Cc2ccc(F)cc2)c2ccccc2)CC1	UDYXSPVICNNUPJ-UHFFFAOYSA-N
C[C@H]1c2cccc(CC(C)(C)O)c2C[C@H](CO)N1C(=O)Cc1c(Cl)cccc1Cl	QBKZBAUOKUPKIJ-GOEBONIOSA-N
Cc1cc(C)cc(N2C(=O)CC(Sc3nnc[nH]3)C2=O)c1	ZFKWFHMKVZEDEN-UHFFFAOYSA-N
COc1cc2c(c(OC)c1O)CC1c3cc4c(cc3CCN1C2)OCO4	APWVCSUULJAZPB-UHFFFAOYSA-N
c1ccc(COc2cccc3c2CC2c4cc5c(cc4CCN2C3)OCO5)cc1	WFKPNKOTCAMQAK-UHFFFAOYSA-N
COc1ccc2c(c1O[C@@H]1O[C@H](CO)[C@@H](O)[C@H](O)[C@H]1O)CN1CCc3cc4c(cc3[C@@H]1C2)OCO4	OCHYIOQLUNYHOD-IMBIOGTGSA-N
COc1cc(/C=C/C(=O)Oc2c(OC)ccc3c2CN2CCc4cc5c(cc4C2C3)OCO5)ccc1OC(C)=O	YGVKBBMLEFBXOS-WEVVVXLNSA-N
Oc1cccc2c1CC1c3cc4c(cc3CCN1C2)OCO4	AJIGSTIZSNHTOD-UHFFFAOYSA-N
CN1CCc2cccc3c2[C@H]1Cc1ccc2c(c1-3)OCO2	KQKNFEONJSYEER-CQSZACIVSA-N
CC(=O)Oc1c(Br)cc2c(c1OC(C)=O)-c1cccc3c1[C@@H](C2)N(C)CC3	NXZVPWFCOOICMZ-QGZVFWFLSA-N
COc1ccc2c(c1OC)-c1ccc(C)c3c1[C@@H](C2)N(C)CC3	AVUWEGVPHVPZJZ-MRXNPFEDSA-N
COc1cccc(-c2cc3c(c(OC(C)=O)c2OC(C)=O)-c2cccc4c2[C@@H](C3)N(C)CC4)c1	YLFXLCQTWLPWCT-XMMPIXPASA-N
CCCN1CCc2cccc3c2[C@H]1Cc1ccc(OC(C)=O)c(OC(C)=O)c1-3	XIUGOOSNVROHDP-LJQANCHMSA-N
COc1ccc2c(c1OC)-c1c(Br)ccc3c1[C@@H](C2)N(C)CC3	BEKOHGQOLPINNR-CQSZACIVSA-N
COCOc1ccc2c(c1OCOC)-c1cccc3c1[C@@H](C2)N(C)CC3	NPWPMBBGPVNIJD-QGZVFWFLSA-N
O=C(NCCCCN1CCN(c2cc(Cl)cc(Cl)c2)CC1)c1ccc(-c2ccsc2)cc1	DQOGQIXFWPGESA-UHFFFAOYSA-N
O=C(Nc1ccc(OC(F)F)nc1)NC1CCN(c2ncnc3c2nc(-c2ccccc2Cl)n3-c2ccc(Cl)cc2)CC1	LTNOPYMLPTUXSM-UHFFFAOYSA-N
COc1ccc2[nH]cc(C3=CCN(Cc4cc(=O)[nH]c5ccccc45)CC3)c2c1	PQCUTSKJJPRTSW-UHFFFAOYSA-N
CN(Cc1nc2cc(Br)ccc2[nH]1)C(=O)Cn1c(=O)oc2ccc(Cl)cc21	HSTHSNCKBLQYMV-UHFFFAOYSA-N
CC1c2ccsc2CCN1C(=O)Nc1c(Cl)cccc1Cl	ROIOPSYYWSWHLP-UHFFFAOYSA-N
Cc1ccc(Cl)c(NC(=O)C2(C)CC3c4ccccc4C2c2ccccc23)c1Cl	HQGJTZLJWFUXLC-UHFFFAOYSA-N
Clc1ccc(Br)c(CN2CCN([C@@H]3CC[C@@]4(c5ccc6c(c5)OCO6)C[C@H]4C3)CC2)c1	VPVAKWMBXKRBMC-ZJCBTPCYSA-N
O=C(O)c1ccc(O)cc1	FJKROLUGYXJWQN-UHFFFAOYSA-N
Cc1cccc(Cl)c1NC(=O)C1(C)CC2c3ccccc3C1c1cc(Cl)ccc12	NSZAGJSYVKKYOE-UHFFFAOYSA-N
C[C@H]1c2ccccc2CCN1C(=O)Cc1c(Cl)cccc1Cl	SUTPENAAFLOLOK-LBPRGKRZSA-N
CCOc1ncnc(C)c1-c1ccc(Oc2nccc3occc23)cc1C	FXASDENXAAMBPO-UHFFFAOYSA-N
FC(F)(F)c1cc(Oc2nccc3ccccc23)ccc1-c1cccc2nccn12	DVEVXJFNXUEGIT-UHFFFAOYSA-N
Cc1cc(Oc2nccc3occc23)ccc1-c1nc(N)cnc1C	RHEHBUAQMDRKJY-UHFFFAOYSA-N
Cc1cc(Nc2nccc3occc23)ccc1-c1c(C)ncc2nccn12	GNZMEDWGRFHELH-UHFFFAOYSA-N
Cc1cc(Oc2ccccn2)ccc1-c1c(C)ncc2nccn12	WTAQXBIUGFOXSY-UHFFFAOYSA-N
CCN(c1ccc(-c2c(C)ncc3nccn23)c(C)c1)c1nccc2occc12	NMJHTUQENOSNIC-UHFFFAOYSA-N
Cc1cc(Oc2nccc3occ(C4CC4)c23)ccc1-c1c(C)ncc2nccn12	RUGLVGVFRWGYHO-UHFFFAOYSA-N
Cc1cc(-c2c(C)ncc3nccn23)ccc1Oc1nccc2occc12	ZVVBPONRZGOYLU-UHFFFAOYSA-N
Cc1c(Oc2nccc3occc23)ccc(-c2cccc3nccn23)c1C	IPTJFZCSYZIMSL-UHFFFAOYSA-N
COC(=O)c1cccn2c(-c3ccc(Oc4nccc5occc45)cc3C)cnc12	IWVJLGHZIKXGKY-UHFFFAOYSA-N
COc1ccc(-c2ccc(Oc3nccc4occc34)cc2C)c(C)n1	BUMAFJXLGSZPPK-UHFFFAOYSA-N
Cc1cc(N(c2nccc3occc23)C2CCCC2)ccc1-c1c(C)ncc2nccn12	RQILOYKDXOGAOZ-UHFFFAOYSA-N
Cc1cc(Oc2nccc3ccsc23)ccc1-c1c(C)ncc2nccn12	KJUJMQIFFDWSBH-UHFFFAOYSA-N
Cc1cc(Oc2nccc3occc23)ccc1-c1c(C)cnnc1C	WTTAMIBXPRNVCC-UHFFFAOYSA-N
Cc1cc(Oc2nccc3occc23)ccc1-c1cncc(C(N)=O)c1	MOQLKASKEVJIKS-UHFFFAOYSA-N
Cc1cc(Oc2nccc(O)c2C)ccc1-c1c(C)ncc2nccn12	CDRAROGYUHBHLP-UHFFFAOYSA-N
Cc1cc(Oc2cc(N3CCCCC3)ccn2)ccc1-c1c(C)ncc2nccn12	NCQGFCLVHMQODV-UHFFFAOYSA-N
FC(F)(F)c1cc(Oc2nccc3occ(C4CC4)c23)ccc1-c1cccc2nccn12	OVTVDKYGAWALIW-UHFFFAOYSA-N
FC(F)(F)c1cc(Oc2nccn3cccc23)ccc1-c1cccc2nccn12	DRHIFXXZSQOMKD-UHFFFAOYSA-N
FC(F)(F)c1cc(Oc2ccccn2)ccc1-c1cccc2nccn12	MVFGTOOHPKYDMF-UHFFFAOYSA-N
FC(F)(F)c1cc(Oc2cc(N3CCCCC3)ccn2)ccc1-c1cccc2nccn12	PZMDYVORBITUDG-UHFFFAOYSA-N
Cc1cc(Oc2nccc3occc23)ccc1-c1ccc(C#N)cn1	MRMZUNBOQRPECQ-UHFFFAOYSA-N
CCCN(CCCCNC(=O)c1ccc2ccccc2c1)C[C@@H]1C[C@H]1c1cccc(Cl)c1Cl.Cl	FQLSPUQWENSFHP-LMIIKYDLSA-N
COc1ccc(F)cc1C1CC1CN(C)CCCSc1nnc(-c2ccccc2)n1C.Cl	WPBGQWOUJGQJTR-UHFFFAOYSA-N
CCCN(CCCCNC(=O)c1cc2ccccc2[nH]1)CC1CC1c1ccc(Cl)cc1.Cl	OYWQSCWALWFQRR-UHFFFAOYSA-N
CCN(CCCCNC(=O)c1ccc2ccccc2c1)CC1CC1c1cc(F)ccc1OC.Cl	ASOSBTLEHILKFM-UHFFFAOYSA-N
CCCN(CCCCNC(=O)c1ccc(-c2ccccn2)cc1)C[C@H]1C[C@@H]1c1cc(F)ccc1OC.Cl	SSQQZDDUGAUYAE-OTTABGKNSA-N
CCCN(CCCCNC(=O)c1ccc(-c2ccccn2)cc1)CC1CC1c1ccc(Cl)cc1.Cl	SOTVBIKTRMBOLN-UHFFFAOYSA-N
CCCN(CCCCNC(=O)c1ccc2ccccc2c1)CC1CC1c1ccc(F)cc1.Cl	OKUNJWKBXIZOKD-UHFFFAOYSA-N
CCCN(CCCCNC(=O)c1cc2ccccc2[nH]1)CC1CC1c1cc(F)ccc1OC.Cl	NJUCDIHOBHOUOD-UHFFFAOYSA-N
CCN(CCCSc1nnc(-c2ccccc2)n1C)CC1CC1c1cc(Cl)ccc1OC.Cl	UAFZANNHBIFIBH-UHFFFAOYSA-N
CCN(CCCSc1nnc(-c2ccccc2)n1C)CC1CC1c1cc(F)ccc1OCCF.Cl	PJRDFGUIRUDLOL-UHFFFAOYSA-N
CCOc1ccc(F)cc1C1CC1CNCCCSc1nnc(-c2ccccc2)n1C.Cl	DVKQTIHLIKEUQM-UHFFFAOYSA-N
COc1ccc(OCCN2CCN(C(=O)c3cc4ccccc4[nH]3)CC2)cc1	HAZPAMUWUHDPDA-UHFFFAOYSA-N
Cc1nc2c(c(Oc3ccc(-c4c(C)c(=O)[nH]c(=O)n4C)c(C)c3)n1)CCC2	TYSYVCSUIHXYHZ-UHFFFAOYSA-N
Cc1n[nH]c(=O)c(C)c1-c1ccc(Oc2nccc3occc23)cc1F	YODCDZCSGNUYOR-UHFFFAOYSA-N
Fc1cc(Oc2nccc3occc23)ccc1Nc1cccnc1	BMSMXZSHXJVGQK-UHFFFAOYSA-N
Cc1cc(Oc2ncnc3sc4c(c23)CCC4)ccc1-c1c(C)c(=O)[nH]c(=O)n1C	QLFONZXDWOHSDK-UHFFFAOYSA-N
Cc1c(-c2ccc3c(c2)CCN3c2ncccc2OC(F)F)n(C)c(=O)[nH]c1=O	NGOQMJOVLWWZTQ-UHFFFAOYSA-N
Cc1c(-c2c(C)c(=O)[nH]c(=O)n2C)ccc2c1CCN2c1nccc2occc12	DMKPXRAODPTVHD-UHFFFAOYSA-N
Cc1c(-c2ccc(Nc3nccc4occc34)nc2)n(C)c(=O)[nH]c1=O	LOUGEFVASUWEKZ-UHFFFAOYSA-N
Cc1nccc2c1C(C)(C)Nc1cc(Br)ccc1-2	YBGLIPYAJPOYAD-UHFFFAOYSA-N
COc1cc2c(cc1O)C(c1ccccc1Cl)CNCC2	KWMPIDLQTXFNFF-UHFFFAOYSA-N
Oc1cc2c(cc1O)C(c1ccccc1Br)CNCC2	RVEUZWFRSZUNSP-UHFFFAOYSA-N
COc1cc2c(cc1O)C(c1ccccc1Cl)CN(C)CC2	PTYGLGJZOJASIH-UHFFFAOYSA-N
C=CCN1CCc2cc(OC)c(O)cc2C(c2ccccc2Cl)C1	GSYJGVACPBIRCA-UHFFFAOYSA-N
CN1CCc2cc(O)c(O)cc2C(c2ccccc2Br)C1	XOPSFRSCGXGEPQ-UHFFFAOYSA-N
CN1CCc2cccc3c2C1Cc1ccc2nc(N)sc2c1-3	WMIVISJOMKDPGX-UHFFFAOYSA-N
C#CCOc1c(OC)cc2c3c1-c1cc(NC(C)=O)ccc1CC3N(C)CC2	SBQXZROAPGSYPJ-UHFFFAOYSA-N
C=CCOc1c(OC)cc2c3c1-c1cc(N)ccc1CC3N(C)CC2	WVHMHWPHKVTXSC-UHFFFAOYSA-N
COc1cc2c3c(c1OC1CC1)-c1cc(N)ccc1CC3N(C)CC2	USOMZJJKRPELBV-UHFFFAOYSA-N
C#CCOc1c(OC)cc2c3c1-c1cc([N+](=O)[O-])ccc1CC3N(C)CC2	LNLWQXMVVFJRDW-UHFFFAOYSA-N
COc1cc2c3c(c1O)-c1cc([N+](=O)[O-])ccc1CC3N(C)CC2	COEIYPFBVNMGKP-UHFFFAOYSA-N
CN1CCc2cccc3c2C1Cc1ccc([N+](=O)[O-])cc1-3	DTQPFFJVSXLYGV-UHFFFAOYSA-N
